segment_id,route_id,origin_city,destination_city,route_index,start_lat,start_lon,end_lat,end_lon,segment_distance_m,road_type,temperature,precipitation_type,precipitation_intensity,wind_speed,visibility,humidity,dew_point,segment_risk_score,segment_risk_binary
8e767aa3-b28d-49bc-8d57-e17fcb04454d,b1b7edaf-b29c-4eb2-be79-78acedae6a01,Portland,Washington,0,45.230626,-122.813384,45.599363,-118.508199,338491.77,highway,8.44,none,0.0,9.144,10.0,59.0,6.95,0.0,0
04cf8f57-bf21-4e37-b937-5896c6b1d874,b1b7edaf-b29c-4eb2-be79-78acedae6a01,Portland,Washington,0,45.599363,-118.508199,42.851199,-114.832006,423213.84,highway,9.54,none,0.0,8.784,10.0,59.0,8.32,0.0,0
5153839e-b754-43fb-99cd-1817e94adedb,b1b7edaf-b29c-4eb2-be79-78acedae6a01,Portland,Washington,0,42.851199,-114.832006,41.422825,-110.128008,419053.55,highway,6.57,none,0.0,3.744,10.0,58.0,6.57,0.0,0
78193055-d1d0-4f3f-b8eb-a3bdcca0905d,b1b7edaf-b29c-4eb2-be79-78acedae6a01,Portland,Washington,0,41.422825,-110.128008,41.093709,-101.825377,694715.58,highway,0.59,none,0.0,13.644,10.0,81.0,-3.41,17.625,0
aa2be10d-bb59-423f-a9c1-9ed0a4be72db,b1b7edaf-b29c-4eb2-be79-78acedae6a01,Portland,Washington,0,41.093709,-101.825377,41.372017,-95.679767,514734.83,arterial,5.09,none,0.0,7.02,10.0,91.0,3.52,0.0,0
3043b032-b306-4b98-af24-88d1ae87e196,b1b7edaf-b29c-4eb2-be79-78acedae6a01,Portland,Washington,0,41.372017,-95.679767,41.415188,-90.118338,463861.5,arterial,9.96,none,0.0,14.832,10.0,66.0,7.9,0.0,0
dbe91d11-2b63-42e7-8280-70ec46b76117,b1b7edaf-b29c-4eb2-be79-78acedae6a01,Portland,Washington,0,41.415188,-90.118338,41.749886,-85.387966,395148.65,arterial,12.95,none,0.0,0.0,10.0,85.0,12.52,0.0,0
678ee517-a771-4dd7-b78b-3e8948b35364,b1b7edaf-b29c-4eb2-be79-78acedae6a01,Portland,Washington,0,41.749886,-85.387966,40.97544,-80.670186,402979.21,residential,12.02,none,0.0,6.732,10.0,84.0,11.47,0.0,0
aa7e4ab3-ec8f-4e65-a134-dc60086bc226,b1b7edaf-b29c-4eb2-be79-78acedae6a01,Portland,Washington,0,40.97544,-80.670186,40.011227,-78.398342,219993.16,residential,15.65,none,0.0,3.744,10.0,87.0,15.54,0.0,0
a5da2a97-b2f2-4ffc-b880-347bfe6c0893,b1b7edaf-b29c-4eb2-be79-78acedae6a01,Portland,Washington,0,40.011227,-78.398342,38.740914,-76.894838,191443.33,residential,12.97,none,0.0,3.888,10.0,88.0,12.62,0.0,0
774bf951-2f46-4e9d-aeba-596752064259,ab5ecd64-2e21-4b8b-b4ae-275a44e0d518,Portland,Washington,1,45.230626,-122.813384,47.051011,-118.429199,393700.56,highway,7.17,none,0.0,13.104,10.0,61.0,4.72,0.0,0
81b139ac-7457-4279-b9ee-53e1691143b8,ab5ecd64-2e21-4b8b-b4ae-275a44e0d518,Portland,Washington,1,47.051011,-118.429199,47.337841,-115.270374,240779.96,highway,7.12,none,0.0,4.716,10.0,73.0,7.12,0.0,0
23306a1a-bb75-4b3f-9a17-d889b7b1d104,ab5ecd64-2e21-4b8b-b4ae-275a44e0d518,Portland,Washington,1,47.337841,-115.270374,45.711561,-109.629737,467760.82,highway,2.1,none,0.0,1.62,10.0,82.0,2.1,0.0,0
8bb669ce-b058-4b68-997d-89ba6758054a,ab5ecd64-2e21-4b8b-b4ae-275a44e0d518,Portland,Washington,1,45.711561,-109.629737,46.862262,-102.054171,595752.93,highway,6.16,none,0.0,11.124,10.0,75.0,3.84,0.0,0
8de2944a-c60c-4079-90db-6aee08746169,ab5ecd64-2e21-4b8b-b4ae-275a44e0d518,Portland,Washington,1,46.862262,-102.054171,45.600906,-94.467815,599885.54,arterial,4.06,none,0.0,0.0,10.0,60.0,4.06,0.0,0
0df08a70-89aa-4bd3-bb1b-a23bef57620b,ab5ecd64-2e21-4b8b-b4ae-275a44e0d518,Portland,Washington,1,45.600906,-94.467815,43.965615,-90.386907,369797.39,arterial,7.77,none,0.0,14.58,10.0,56.0,5.24,0.0,0
bc2ba5e0-3356-42c6-a12a-bc16acc8a71b,ab5ecd64-2e21-4b8b-b4ae-275a44e0d518,Portland,Washington,1,43.965615,-90.386907,41.589178,-87.221489,369500.12,arterial,11.71,none,0.0,9.54,10.0,62.0,10.56,0.0,0
0870dbbe-a653-4c7f-b42d-bd72372153ad,ab5ecd64-2e21-4b8b-b4ae-275a44e0d518,Portland,Washington,1,41.589178,-87.221489,41.272602,-81.626443,467696.22,residential,11.02,none,0.0,0.0,10.0,87.0,10.45,0.0,0
6d0a360a-4cec-4b38-b6be-563094698668,ab5ecd64-2e21-4b8b-b4ae-275a44e0d518,Portland,Washington,1,41.272602,-81.626443,40.0095,-78.677725,285680.52,residential,15.19,none,0.0,3.204,10.0,87.0,15.04,0.0,0
e9827021-e9fb-47d8-ae83-e79ac4154662,ab5ecd64-2e21-4b8b-b4ae-275a44e0d518,Portland,Washington,1,40.0095,-78.677725,38.740654,-76.895281,208268.27,residential,12.72,none,0.0,1.62,10.0,88.0,12.35,0.0,0
23192c7a-45b6-4e8e-a4bf-4886aa328fc3,ab5ecd64-2e21-4b8b-b4ae-275a44e0d518,Portland,Washington,1,38.740654,-76.895281,38.740914,-76.894838,48.08,residential,12.79,none,0.0,12.96,10.0,73.0,12.03,0.0,0
e23defc3-3c63-457b-b3ed-0c94a71f4d9e,04b22c55-ae4d-4306-8767-191e07b8237e,Toronto,Vancouver,0,43.884201,-79.629252,42.781352,-84.397375,404607.81,highway,10.56,none,0.0,9.288,10.0,84.0,9.86,0.0,0
99f5b87e-0f92-4b1a-8428-79b1eb5f6f75,04b22c55-ae4d-4306-8767-191e07b8237e,Toronto,Vancouver,0,42.781352,-84.397375,41.992258,-87.869368,298321.69,highway,10.42,none,0.0,1.836,10.0,90.0,9.87,0.0,0
732404fe-14d5-4a00-8a18-12cb5d7be224,04b22c55-ae4d-4306-8767-191e07b8237e,Toronto,Vancouver,0,41.992258,-87.869368,44.578971,-91.204613,394408.43,highway,10.75,none,0.0,9.252,10.0,59.0,9.42,0.0,0
89ba7508-3561-4209-a87d-b709cfb5c24c,04b22c55-ae4d-4306-8767-191e07b8237e,Toronto,Vancouver,0,44.578971,-91.204613,45.778449,-95.059124,330204.84,highway,7.11,none,0.0,12.96,10.0,54.0,4.67,0.0,0
2647f94f-fa78-4b51-9cb2-99a7151bc5e6,04b22c55-ae4d-4306-8767-191e07b8237e,Toronto,Vancouver,0,45.778449,-95.059124,46.861876,-101.715048,524964.29,arterial,3.82,none,0.0,9.36,10.0,61.0,1.41,0.0,0
c2681f33-92da-4ae7-8c5e-8980de0543e2,04b22c55-ae4d-4306-8767-191e07b8237e,Toronto,Vancouver,0,46.861876,-101.715048,45.972585,-108.027636,493763.77,arterial,3.86,none,0.0,7.272,10.0,59.0,2.02,0.0,0
8a4c3a0f-6830-4864-9ae6-ade930effecd,04b22c55-ae4d-4306-8767-191e07b8237e,Toronto,Vancouver,0,45.972585,-108.027636,46.726529,-113.679417,441714.54,arterial,2.45,none,0.0,5.472,10.0,72.0,1.01,0.0,0
ddf11f25-24ea-4c03-8c2e-3192a1c6febb,04b22c55-ae4d-4306-8767-191e07b8237e,Toronto,Vancouver,0,46.726529,-113.679417,47.623733,-116.531269,237506.8,residential,3.5,none,0.0,5.4,10.0,85.0,2.24,0.0,0
b9a6e4ce-46d3-42cd-84a6-4854d131d503,04b22c55-ae4d-4306-8767-191e07b8237e,Toronto,Vancouver,0,47.623733,-116.531269,47.39602,-121.480086,372493.72,residential,10.11,none,0.0,3.6,10.0,67.0,8.93,0.0,0
2531f763-7488-4d9b-a64b-f6269add1367,04b22c55-ae4d-4306-8767-191e07b8237e,Toronto,Vancouver,0,47.39602,-121.480086,49.265416,-123.260418,246013.22,residential,9.71,none,0.0,0.0,10.0,87.0,9.71,0.0,0
5262eb3c-9beb-430d-b277-479211b255b2,04b22c55-ae4d-4306-8767-191e07b8237e,Toronto,Vancouver,0,49.265416,-123.260418,49.266278,-123.261832,140.41,residential,10.31,none,0.0,3.204,10.0,90.0,9.75,0.0,0
a24918f1-1925-44e5-a7d5-bb78a5fa8ce3,9dfddc3d-2e18-4377-8493-d90600414c1d,Toronto,Vancouver,1,43.884201,-79.629252,42.928227,-83.997197,368467.1,highway,9.44,none,0.0,10.44,10.0,89.0,7.9,0.0,0
776fa1c4-a57d-44cc-86a4-15848f530211,9dfddc3d-2e18-4377-8493-d90600414c1d,Toronto,Vancouver,1,42.928227,-83.997197,41.67446,-87.768932,340038.9,highway,8.58,none,0.0,4.536,10.0,93.0,8.58,0.0,0
87907909-6d69-45b1-8b5e-05c4e38c64e7,9dfddc3d-2e18-4377-8493-d90600414c1d,Toronto,Vancouver,1,41.67446,-87.768932,43.857195,-90.110605,308917.56,highway,11.82,none,0.0,0.0,10.0,58.0,10.57,0.0,0
9dbcf8f6-ee5b-43ef-9593-1703c00d3edf,9dfddc3d-2e18-4377-8493-d90600414c1d,Toronto,Vancouver,1,43.857195,-90.110605,43.608668,-96.652148,526175.69,highway,7.88,none,0.0,16.668,10.0,61.0,5.1,0.0,0
6751d670-c906-44cf-b13e-f2e1e30a8a31,9dfddc3d-2e18-4377-8493-d90600414c1d,Toronto,Vancouver,1,43.608668,-96.652148,44.661525,-103.854811,586396.35,arterial,1.38,none,0.0,15.48,10.0,82.0,-2.78,6.975,0
1d3b63c0-e263-4337-99f0-d1599e32c3a8,9dfddc3d-2e18-4377-8493-d90600414c1d,Toronto,Vancouver,1,44.661525,-103.854811,45.648404,-110.603007,540233.63,arterial,5.17,none,0.0,6.516,10.0,74.0,3.77,0.0,0
c7de30e0-0b9e-4e01-b4b4-1b231f9af9da,9dfddc3d-2e18-4377-8493-d90600414c1d,Toronto,Vancouver,1,45.648404,-110.603007,47.296744,-115.100298,390051.63,arterial,3.38,none,0.0,6.12,10.0,80.0,1.83,0.0,0
91df7fe7-ff56-4abb-b5db-81024af09d3d,9dfddc3d-2e18-4377-8493-d90600414c1d,Toronto,Vancouver,1,47.296744,-115.100298,47.709327,-116.883159,141560.58,residential,8.03,none,0.0,5.508,10.0,79.0,7.37,0.0,0
70b53cb0-a4ac-417d-b254-5ee30a4a899c,9dfddc3d-2e18-4377-8493-d90600414c1d,Toronto,Vancouver,1,47.709327,-116.883159,47.473799,-121.778523,367979.78,residential,9.93,none,0.0,5.22,10.0,66.0,9.62,0.0,0
b5b84089-7069-4f66-9e79-d6e7c2263c65,9dfddc3d-2e18-4377-8493-d90600414c1d,Toronto,Vancouver,1,47.473799,-121.778523,49.265843,-123.261177,227369.88,residential,9.58,none,0.0,1.62,10.0,87.0,9.58,0.0,0
3c912c8f-660b-4aa4-a4b3-31d0f0017446,9dfddc3d-2e18-4377-8493-d90600414c1d,Toronto,Vancouver,1,49.265843,-123.261177,49.266278,-123.261832,67.81,residential,10.31,none,0.0,3.204,10.0,90.0,9.75,0.0,0
4abfcb88-09b1-412f-8152-d51a3fb5ba0d,cd2f8e04-cb19-4a31-ab5b-bc7c8203b830,Detroit,Columbus,0,42.334773,-83.330439,42.223831,-83.413904,14118.53,highway,10.96,none,0.0,11.124,10.0,69.0,9.91,0.0,0
547e9ee7-0717-48ca-a5e4-cf1917c30f4d,cd2f8e04-cb19-4a31-ab5b-bc7c8203b830,Detroit,Columbus,0,42.223831,-83.413904,41.926841,-83.359877,33323.48,highway,11.0,none,0.0,7.416,10.0,82.0,10.3,0.0,0
9551f0d5-7bcd-4e37-9d7e-2827fd4c4a22,cd2f8e04-cb19-4a31-ab5b-bc7c8203b830,Detroit,Columbus,0,41.926841,-83.359877,41.686982,-83.516294,29655.1,highway,9.84,none,0.0,3.708,10.0,89.0,9.84,0.0,0
1f97bd36-60ac-4493-a5ec-4f5095d4ec10,cd2f8e04-cb19-4a31-ab5b-bc7c8203b830,Detroit,Columbus,0,41.686982,-83.516294,41.422706,-83.294618,34695.56,highway,10.59,none,0.0,0.0,10.0,88.0,10.0,0.0,0
bfce40d1-49de-4846-a7bb-9f296b768087,cd2f8e04-cb19-4a31-ab5b-bc7c8203b830,Detroit,Columbus,0,41.422706,-83.294618,41.112598,-83.187628,35622.99,arterial,11.45,none,0.0,6.624,10.0,84.0,10.84,0.0,0
fd45814e-bab7-4d5b-8609-b5c61c6ca445,cd2f8e04-cb19-4a31-ab5b-bc7c8203b830,Detroit,Columbus,0,41.112598,-83.187628,40.692587,-83.151595,46801.17,arterial,11.96,none,0.0,6.408,10.0,87.0,11.48,0.0,0
5231b7f5-c1bd-4357-9bfd-f67d60e7ac76,cd2f8e04-cb19-4a31-ab5b-bc7c8203b830,Detroit,Columbus,0,40.692587,-83.151595,40.298104,-83.054008,44633.93,arterial,12.54,none,0.0,0.0,10.0,86.0,12.1,0.0,0
7a0dd8ad-5bff-4a1d-858c-71c3118209ec,cd2f8e04-cb19-4a31-ab5b-bc7c8203b830,Detroit,Columbus,0,40.298104,-83.054008,40.064174,-82.996766,26462.49,residential,13.75,none,0.0,7.416,10.0,85.0,13.4,0.0,0
fb04a3ee-12ab-44ab-80cc-9bda51335216,cd2f8e04-cb19-4a31-ab5b-bc7c8203b830,Detroit,Columbus,0,40.064174,-82.996766,39.900636,-82.896465,20092.57,residential,14.72,none,0.0,7.416,10.0,83.0,14.41,0.0,0
590ea9ea-ca1e-445e-b3fc-0511908272bb,cd2f8e04-cb19-4a31-ab5b-bc7c8203b830,Detroit,Columbus,0,39.900636,-82.896465,39.780267,-82.907743,13419.01,residential,15.22,none,0.0,11.124,10.0,82.0,14.94,0.0,0
318e7063-460b-4742-9a62-73d8558eeaa0,8ce450c0-dd16-4acb-9976-b93d1e33d347,Detroit,Columbus,1,42.334773,-83.330439,42.216828,-83.411249,14703.89,highway,10.96,none,0.0,11.124,10.0,69.0,9.91,0.0,0
291cd926-93a5-4a00-b132-24db4e3871e1,8ce450c0-dd16-4acb-9976-b93d1e33d347,Detroit,Columbus,1,42.216828,-83.411249,41.884518,-83.388403,36999.3,highway,10.86,none,0.0,7.416,10.0,82.0,10.14,0.0,0
6b710ac1-28bb-4d5f-8580-e7a8d5d4043b,8ce450c0-dd16-4acb-9976-b93d1e33d347,Detroit,Columbus,1,41.884518,-83.388403,41.677059,-83.574134,27736.68,highway,9.7,none,0.0,3.708,10.0,90.0,9.7,0.0,0
f55f6376-0f1c-45a1-9936-21723377e8cf,8ce450c0-dd16-4acb-9976-b93d1e33d347,Detroit,Columbus,1,41.677059,-83.574134,41.321756,-83.626436,39747.27,highway,10.56,none,0.0,0.0,10.0,87.0,9.94,0.0,0
c6cd28e2-a556-4391-9e47-363e718fc6d9,8ce450c0-dd16-4acb-9976-b93d1e33d347,Detroit,Columbus,1,41.321756,-83.626436,40.990974,-83.650178,36834.95,arterial,10.86,none,0.0,0.0,10.0,87.0,10.27,0.0,0
a401605f-6f89-457f-9f2d-092670ffb100,8ce450c0-dd16-4acb-9976-b93d1e33d347,Detroit,Columbus,1,40.990974,-83.650178,40.810163,-83.236344,40174.0,arterial,10.88,none,0.0,7.524,10.0,87.0,10.3,0.0,0
1400cb94-17f7-4621-8593-8c51e5fbe7c9,8ce450c0-dd16-4acb-9976-b93d1e33d347,Detroit,Columbus,1,40.810163,-83.236344,40.313066,-83.065789,57121.51,arterial,12.51,none,0.0,1.62,10.0,86.0,12.06,0.0,0
67140d99-e86a-43e5-86c9-537d2b9e35ab,8ce450c0-dd16-4acb-9976-b93d1e33d347,Detroit,Columbus,1,40.313066,-83.065789,40.10773,-82.979654,23975.29,residential,13.64,none,0.0,7.416,10.0,85.0,13.28,0.0,0
399eb6a4-4467-4a31-951e-4a456e417415,8ce450c0-dd16-4acb-9976-b93d1e33d347,Detroit,Columbus,1,40.10773,-82.979654,39.903718,-82.903321,23598.38,residential,14.68,none,0.0,7.416,10.0,83.0,14.37,0.0,0
b45beb62-0d22-4c52-b0aa-b33cb5fb55da,8ce450c0-dd16-4acb-9976-b93d1e33d347,Detroit,Columbus,1,39.903718,-82.903321,39.780289,-82.907735,13729.85,residential,14.93,none,0.0,5.544,10.0,83.0,14.65,0.0,0
dad1e3a5-7cfb-4d79-8477-025aecd7f7f0,8ce450c0-dd16-4acb-9976-b93d1e33d347,Detroit,Columbus,1,39.780289,-82.907735,39.780267,-82.907743,2.54,residential,15.38,none,0.0,11.124,10.0,83.0,15.14,0.0,0
ef270dc9-6f4d-4715-8e5e-e368100c4b50,a72e295c-e378-4ca2-9a03-340dd60b32fc,Los Angeles,Denver,0,33.884428,-118.190174,34.348558,-117.440776,86155.48,highway,15.71,none,0.0,14.832,10.0,60.0,14.9,0.0,0
582a30c2-080f-43d7-acd3-261dcc556077,a72e295c-e378-4ca2-9a03-340dd60b32fc,Los Angeles,Denver,0,34.348558,-117.440776,36.210311,-115.129301,294735.8,highway,13.36,none,0.0,1.404,10.0,34.0,11.64,0.0,0
e37af92d-ae4b-4e62-b72e-3ef291086ea2,a72e295c-e378-4ca2-9a03-340dd60b32fc,Los Angeles,Denver,0,36.210311,-115.129301,37.323096,-113.287212,205503.48,highway,18.16,none,0.0,5.364,10.0,23.0,16.63,0.0,0
6dda8095-00fa-4702-9853-865cb0f6a41c,a72e295c-e378-4ca2-9a03-340dd60b32fc,Los Angeles,Denver,0,37.323096,-113.287212,38.804646,-112.063496,196506.54,highway,7.55,none,0.0,7.38,10.0,41.0,6.29,0.0,0
7e1ef005-54e4-4346-94a4-dcdc5b86be29,a72e295c-e378-4ca2-9a03-340dd60b32fc,Los Angeles,Denver,0,38.804646,-112.063496,38.921272,-110.385014,145901.37,arterial,5.15,none,0.0,16.74,10.0,46.0,1.7,0.0,0
b01a29f5-2c84-4546-8e8b-6e80cf09c116,a72e295c-e378-4ca2-9a03-340dd60b32fc,Los Angeles,Denver,0,38.921272,-110.385014,39.173966,-108.292652,182856.37,arterial,9.6,none,0.0,9.432,10.0,33.0,8.27,0.0,0
52f6eca7-06dd-4cd5-8f83-7d920c84413b,a72e295c-e378-4ca2-9a03-340dd60b32fc,Los Angeles,Denver,0,39.173966,-108.292652,39.586723,-107.19413,104979.29,arterial,2.95,none,0.0,9.252,10.0,61.0,0.41,0.0,0
656279fa-0537-4a8d-9c12-fa48f2a4223b,a72e295c-e378-4ca2-9a03-340dd60b32fc,Los Angeles,Denver,0,39.586723,-107.19413,39.523073,-106.141983,90480.35,residential,0.41,none,0.0,6.192,10.0,61.0,-1.61,0.0,0
4f0ad062-856b-4d9c-9473-9c7a7372cd34,a72e295c-e378-4ca2-9a03-340dd60b32fc,Los Angeles,Denver,0,39.523073,-106.141983,39.728909,-105.42425,65592.8,residential,-8.09,none,0.0,3.24,10.0,77.0,-8.09,0.0,0
c8e56f63-d77b-4a02-a3c8-a8e74c8d26f5,a72e295c-e378-4ca2-9a03-340dd60b32fc,Los Angeles,Denver,0,39.728909,-105.42425,39.929358,-105.288899,25107.43,residential,1.91,none,0.0,8.352,10.0,61.0,-0.58,0.0,0
cfe2b12e-eb1c-490b-8cf4-e8553e88cf65,c84ce63a-ca05-4b41-a63f-06577580c9b3,Los Angeles,Denver,1,33.884428,-118.190174,34.304785,-117.464924,81514.44,highway,15.99,none,0.0,14.832,10.0,61.0,15.24,0.0,0
2bccd8b7-e1d0-4af3-8c33-d7cfc49e971c,c84ce63a-ca05-4b41-a63f-06577580c9b3,Los Angeles,Denver,1,34.304785,-117.464924,36.161375,-115.160497,293962.56,highway,14.02,none,0.0,2.844,10.0,37.0,12.44,0.0,0
31a49052-ed3f-4d69-9101-2a49ed529091,c84ce63a-ca05-4b41-a63f-06577580c9b3,Los Angeles,Denver,1,36.161375,-115.160497,37.106658,-113.55904,177387.49,highway,17.83,none,0.0,5.328,10.0,22.0,16.24,0.0,0
8856505f-76ce-4ad8-9a94-08dc5a8ee322,c84ce63a-ca05-4b41-a63f-06577580c9b3,Los Angeles,Denver,1,37.106658,-113.55904,39.084031,-112.275168,246907.42,highway,5.83,none,0.0,12.636,10.0,40.0,3.17,0.0,0
3a8e8ae2-71ec-4c5c-a248-fca74bd75336,c84ce63a-ca05-4b41-a63f-06577580c9b3,Los Angeles,Denver,1,39.084031,-112.275168,40.320177,-111.649281,147513.03,arterial,5.34,none,0.0,10.044,10.0,56.0,3.07,0.0,0
34227e77-cdd4-42c8-808d-6c7ad34b148d,c84ce63a-ca05-4b41-a63f-06577580c9b3,Los Angeles,Denver,1,40.320177,-111.649281,41.067744,-111.268198,89118.26,arterial,2.0,none,0.0,4.824,10.0,64.0,0.77,0.0,0
c205c8ff-033c-46ab-9132-45a872e95dfa,c84ce63a-ca05-4b41-a63f-06577580c9b3,Los Angeles,Denver,1,41.067744,-111.268198,41.669301,-108.93838,205597.45,arterial,0.97,none,0.0,19.188,10.0,67.0,-3.88,0.0,0
cbf8ae7c-cce7-4f71-a472-6ce9ff826f5b,c84ce63a-ca05-4b41-a63f-06577580c9b3,Los Angeles,Denver,1,41.669301,-108.93838,41.273495,-105.59321,282143.63,residential,2.07,none,0.0,17.208,10.0,63.0,-2.21,0.0,0
a4fac3fb-acea-48ef-a40c-d14f756c4d5b,c84ce63a-ca05-4b41-a63f-06577580c9b3,Los Angeles,Denver,1,41.273495,-105.59321,40.593197,-105.001457,90516.59,residential,3.55,none,0.0,4.824,10.0,57.0,2.53,0.0,0
be092883-f3cd-44ef-a32e-6239340a253a,c84ce63a-ca05-4b41-a63f-06577580c9b3,Los Angeles,Denver,1,40.593197,-105.001457,39.930089,-105.287032,77613.8,residential,8.8,none,0.0,14.832,10.0,57.0,6.47,0.0,0
8c40f983-57e7-4a8a-8a7d-f98ddae61c4d,c84ce63a-ca05-4b41-a63f-06577580c9b3,Los Angeles,Denver,1,39.930089,-105.287032,39.929358,-105.288899,178.75,residential,7.19,none,0.0,16.668,10.0,58.0,4.24,0.0,0
cdda373a-eac2-4d00-84fb-9fb19b3d1704,4e47ea06-fa4f-4076-9eb2-355e70fd7276,Chicago,Montreal,0,41.831661,-87.763022,41.601615,-87.184938,54374.06,highway,13.58,none,0.0,9.252,10.0,81.0,13.11,0.0,0
c0d1ce9f-6176-4372-8ecc-d9eeead71c22,4e47ea06-fa4f-4076-9eb2-355e70fd7276,Chicago,Montreal,0,41.601615,-87.184938,42.242263,-85.567092,151624.87,highway,9.88,none,0.0,4.284,10.0,92.0,9.88,0.0,0
a75f73a2-d943-4672-ac3b-416d321d79dd,4e47ea06-fa4f-4076-9eb2-355e70fd7276,Chicago,Montreal,0,42.242263,-85.567092,42.281067,-84.292421,104984.57,highway,7.09,none,0.0,0.0,10.0,93.0,7.09,0.0,0
17956844-9eac-4b50-9a0a-65edacf9ae82,4e47ea06-fa4f-4076-9eb2-355e70fd7276,Chicago,Montreal,0,42.281067,-84.292421,42.377854,-83.227381,88209.72,highway,9.19,none,0.0,5.544,10.0,88.0,8.68,0.0,0
c4209f88-78c6-49c8-b0dd-4d67f76c9780,4e47ea06-fa4f-4076-9eb2-355e70fd7276,Chicago,Montreal,0,42.377854,-83.227381,42.407675,-82.019016,99287.84,arterial,12.27,none,0.0,11.988,10.0,81.0,11.67,0.0,0
9295ab05-18d7-4631-97b7-4aae7b54e031,4e47ea06-fa4f-4076-9eb2-355e70fd7276,Chicago,Montreal,0,42.407675,-82.019016,43.620115,-79.758606,227913.72,arterial,11.23,none,0.0,5.184,10.0,86.0,10.65,0.0,0
7d4122dd-c298-495f-99be-340c05e28ca1,4e47ea06-fa4f-4076-9eb2-355e70fd7276,Chicago,Montreal,0,43.620115,-79.758606,44.023982,-77.902008,155566.82,arterial,10.78,none,0.0,14.868,10.0,92.0,10.32,0.0,0
8bc23904-0d44-4b58-944b-6a1644467754,4e47ea06-fa4f-4076-9eb2-355e70fd7276,Chicago,Montreal,0,44.023982,-77.902008,45.122958,-74.525405,294022.32,residential,12.73,none,0.0,13.86,10.0,70.0,11.89,0.0,0
a27a43f1-0046-4ad2-b76c-adaa3aa58e85,4e47ea06-fa4f-4076-9eb2-355e70fd7276,Chicago,Montreal,0,45.122958,-74.525405,45.335533,-73.800582,61486.61,residential,15.44,none,0.0,20.304,10.0,49.0,14.32,0.0,0
732f29aa-5081-4ed7-9235-6ad4a690b54f,4e47ea06-fa4f-4076-9eb2-355e70fd7276,Chicago,Montreal,0,45.335533,-73.800582,45.327173,-73.423079,29524.27,residential,13.99,none,0.1,12.96,10.0,34.0,12.33,0.0,0
67853887-999f-42c9-8d8a-d189b36d2309,4e47ea06-fa4f-4076-9eb2-355e70fd7276,Chicago,Montreal,0,45.327173,-73.423079,45.323406,-73.413527,856.22,residential,13.98,none,0.1,19.872,10.0,40.0,12.48,0.0,0
ed919372-dd4a-4bf3-922c-a06efd482391,8f7813f3-6869-4eb8-941d-985657b16d0d,Chicago,Montreal,1,41.831661,-87.763022,41.601577,-87.151066,56872.2,highway,13.54,none,0.0,9.252,10.0,81.0,13.06,0.0,0
56f0a18c-2d6f-4517-a416-bfae95bb8051,8f7813f3-6869-4eb8-941d-985657b16d0d,Chicago,Montreal,1,41.601577,-87.151066,42.255294,-85.536405,152069.48,highway,9.88,none,0.0,4.428,10.0,92.0,9.88,0.0,0
5f8cb6d3-9b57-43a6-b41d-d16109d01e73,8f7813f3-6869-4eb8-941d-985657b16d0d,Chicago,Montreal,1,42.255294,-85.536405,42.772517,-84.669117,91436.95,highway,8.67,none,0.0,1.872,10.0,85.0,8.67,0.0,0
dabb96e3-dd04-4347-95a1-87ab6c492e60,8f7813f3-6869-4eb8-941d-985657b16d0d,Chicago,Montreal,1,42.772517,-84.669117,43.015601,-83.544741,95499.04,highway,8.81,none,0.0,0.0,10.0,81.0,8.81,0.0,0
624d7cf3-bd32-4e32-8a07-9ead92c7fce2,8f7813f3-6869-4eb8-941d-985657b16d0d,Chicago,Montreal,1,43.015601,-83.544741,42.992536,-82.19452,109825.28,arterial,10.94,none,0.0,10.44,10.0,88.0,10.39,0.0,0
d4b53f95-7634-4644-a9c6-6afc39e18ea4,8f7813f3-6869-4eb8-941d-985657b16d0d,Chicago,Montreal,1,42.992536,-82.19452,43.559951,-79.841694,200645.02,arterial,10.73,none,0.0,2.916,10.0,80.0,9.95,0.0,0
7d7f40cd-dc5c-474c-a072-4aa153a505df,8f7813f3-6869-4eb8-941d-985657b16d0d,Chicago,Montreal,1,43.559951,-79.841694,43.998366,-78.072195,150190.39,arterial,11.98,none,0.0,9.252,10.0,84.0,11.43,0.0,0
3e42bf5a-6a6b-45c4-9f6f-9af7b7fd6793,8f7813f3-6869-4eb8-941d-985657b16d0d,Chicago,Montreal,1,43.998366,-78.072195,45.063121,-74.701957,292180.64,residential,12.72,none,0.0,6.444,10.0,70.0,11.88,0.0,0
112d72a3-8b51-4fde-a8d4-1e8f73b5ae70,8f7813f3-6869-4eb8-941d-985657b16d0d,Chicago,Montreal,1,45.063121,-74.701957,45.333624,-73.804233,76500.87,residential,15.44,none,0.0,21.708,10.0,49.0,14.32,0.0,0
6b21b84a-6f9f-4ac2-9739-8442af06889b,8f7813f3-6869-4eb8-941d-985657b16d0d,Chicago,Montreal,1,45.333624,-73.804233,45.324096,-73.416093,30360.96,residential,13.99,none,0.1,12.96,10.0,34.0,12.33,0.0,0
c20028a2-6a17-41b2-a3c6-4e9dbb7e433f,8f7813f3-6869-4eb8-941d-985657b16d0d,Chicago,Montreal,1,45.324096,-73.416093,45.323406,-73.413527,214.78,residential,13.99,none,0.1,19.872,10.0,40.0,12.49,0.0,0
bf4ed2b4-56f6-4554-89df-2e61036f524b,1cf18d47-08b6-4b7d-934e-5f0af4dc02d7,Washington,Philadelphia,0,38.835044,-77.121743,38.878849,-77.036004,8879.32,highway,14.15,none,0.0,12.96,10.0,75.0,13.58,0.0,0
b34960f7-c76b-461a-910f-e6c9e5d175f6,1cf18d47-08b6-4b7d-934e-5f0af4dc02d7,Washington,Philadelphia,0,38.878849,-77.036004,38.904467,-76.941225,8683.36,highway,13.88,none,0.0,12.96,10.0,74.0,13.26,0.0,0
f8d4f8e5-1899-4bf2-8e65-d9bac83642d2,1cf18d47-08b6-4b7d-934e-5f0af4dc02d7,Washington,Philadelphia,0,38.904467,-76.941225,39.031048,-76.853155,16002.6,highway,13.3,none,0.0,12.96,10.0,73.0,12.59,0.0,0
ff793b90-7c2f-4011-8b07-b45db3b5262c,1cf18d47-08b6-4b7d-934e-5f0af4dc02d7,Washington,Philadelphia,0,39.031048,-76.853155,39.230473,-76.649902,28268.12,highway,13.16,none,0.0,14.472,10.0,70.0,12.36,0.0,0
343e131a-c104-411f-9c94-1b57f89c80c8,1cf18d47-08b6-4b7d-934e-5f0af4dc02d7,Washington,Philadelphia,0,39.230473,-76.649902,39.336346,-76.51658,16439.62,arterial,14.23,none,0.0,12.96,10.0,67.0,13.46,0.0,0
8591a392-4848-430f-9bf9-3f407e7d657a,1cf18d47-08b6-4b7d-934e-5f0af4dc02d7,Washington,Philadelphia,0,39.336346,-76.51658,39.487339,-76.243731,28832.96,arterial,13.73,none,0.0,12.96,10.0,75.0,13.12,0.0,0
b780a3a9-7ac9-4b91-91cd-54017585f813,1cf18d47-08b6-4b7d-934e-5f0af4dc02d7,Washington,Philadelphia,0,39.487339,-76.243731,39.645082,-75.926541,32355.98,arterial,12.83,none,0.0,5.94,10.0,76.0,12.15,0.0,0
8f2c07ee-4866-42f5-b806-717397136dd4,1cf18d47-08b6-4b7d-934e-5f0af4dc02d7,Washington,Philadelphia,0,39.645082,-75.926541,39.696738,-75.615162,27262.67,residential,12.1,none,0.0,16.668,10.0,68.0,11.14,0.0,0
42445154-8b3d-4af5-84f0-e2778d47175c,1cf18d47-08b6-4b7d-934e-5f0af4dc02d7,Washington,Philadelphia,0,39.696738,-75.615162,39.81517,-75.453242,19105.29,residential,12.45,none,0.0,16.668,10.0,67.0,11.5,0.0,0
6503c6e8-6afc-4414-925c-e8e82843f59f,1cf18d47-08b6-4b7d-934e-5f0af4dc02d7,Washington,Philadelphia,0,39.81517,-75.453242,39.862569,-75.306031,13629.32,residential,12.65,none,0.0,3.204,10.0,64.0,11.64,0.0,0
16d3f945-29df-42d2-a858-1b5a56424690,1cf18d47-08b6-4b7d-934e-5f0af4dc02d7,Washington,Philadelphia,0,39.862569,-75.306031,39.86135,-75.306619,144.54,residential,12.69,none,0.0,1.62,10.0,63.0,11.66,0.0,0
b0cf744c-9511-4e0e-8021-bcb7d6109aec,c22422b8-0654-4a37-a5d9-6a50271a65e8,Washington,Philadelphia,1,38.835044,-77.121743,38.870246,-77.046077,7632.4,highway,14.13,none,0.0,12.96,10.0,75.0,13.56,0.0,0
63c410c9-3165-44e7-978d-3cfe396fa56d,c22422b8-0654-4a37-a5d9-6a50271a65e8,Washington,Philadelphia,1,38.870246,-77.046077,38.875745,-76.970985,6529.38,highway,14.08,none,0.0,12.96,10.0,73.0,13.45,0.0,0
8c023f76-b300-4338-854e-0e36bbd664f6,c22422b8-0654-4a37-a5d9-6a50271a65e8,Washington,Philadelphia,1,38.875745,-76.970985,38.944823,-76.865072,11957.39,highway,13.54,none,0.0,12.96,10.0,73.0,12.86,0.0,0
b15b58c7-a5ad-483b-b670-bd9876d4100b,c22422b8-0654-4a37-a5d9-6a50271a65e8,Washington,Philadelphia,1,38.944823,-76.865072,38.994396,-76.51482,30777.54,highway,13.23,none,0.0,9.252,10.0,75.0,12.57,0.0,0
fd6ae389-df6e-4a5d-931f-cd5353ee0a0a,c22422b8-0654-4a37-a5d9-6a50271a65e8,Washington,Philadelphia,1,38.994396,-76.51482,38.991158,-76.141916,32229.66,arterial,13.73,none,0.0,9.252,10.0,70.0,12.99,0.0,0
6ede7a67-df73-45f5-8a6f-d4737a8e38ce,c22422b8-0654-4a37-a5d9-6a50271a65e8,Washington,Philadelphia,1,38.991158,-76.141916,39.37766,-75.807317,51756.08,arterial,11.42,none,0.0,9.9,10.0,67.0,10.37,0.0,0
9b35d8ae-ddf1-44b7-9d0c-72e2371be9ec,c22422b8-0654-4a37-a5d9-6a50271a65e8,Washington,Philadelphia,1,39.37766,-75.807317,39.611473,-75.647371,29399.0,arterial,11.83,none,0.0,3.204,10.0,69.0,10.87,0.0,0
26697d96-5014-4315-a7e0-033a048aab0d,c22422b8-0654-4a37-a5d9-6a50271a65e8,Washington,Philadelphia,1,39.611473,-75.647371,39.70505,-75.587948,11582.17,residential,12.33,none,0.0,16.668,10.0,67.0,11.37,0.0,0
876d2072-f03d-4c64-88b3-e010cead157c,c22422b8-0654-4a37-a5d9-6a50271a65e8,Washington,Philadelphia,1,39.70505,-75.587948,39.829455,-75.430792,19281.57,residential,12.16,none,0.0,16.668,10.0,66.0,11.15,0.0,0
808f3a12-168d-47c9-b029-8218b6d3a917,c22422b8-0654-4a37-a5d9-6a50271a65e8,Washington,Philadelphia,1,39.829455,-75.430792,39.86135,-75.306619,11178.52,residential,12.65,none,0.0,3.204,10.0,64.0,11.64,0.0,0
99acc04f-ab9a-4ea3-bd89-5d3787995255,0b909810-3929-46f5-9b9a-526f51d25d3e,Atlanta,Portland,0,33.82011,-84.170434,35.946641,-86.544857,320633.78,highway,18.28,none,0.0,4.212,7.546,87.0,18.44,0.0,0
051bdb8a-6de0-4653-987d-33a05528be2b,0b909810-3929-46f5-9b9a-526f51d25d3e,Atlanta,Portland,0,35.946641,-86.544857,38.312344,-88.951521,338672.17,highway,15.73,rain,1.68,8.1,10.0,95.0,15.84,0.0,0
97f4f1d9-9042-4932-b208-ef7b293b142d,0b909810-3929-46f5-9b9a-526f51d25d3e,Atlanta,Portland,0,38.312344,-88.951521,42.905773,-89.083298,510886.91,highway,11.85,none,0.0,0.0,10.0,88.0,11.39,0.0,0
e7123f14-cc05-4ea7-a77f-f431ba5dae2f,0b909810-3929-46f5-9b9a-526f51d25d3e,Atlanta,Portland,0,42.905773,-89.083298,44.948954,-92.955096,384323.42,highway,11.79,none,0.0,18.504,10.0,43.0,10.15,0.0,0
71a09e62-7a36-4a8f-a6b6-e917db424504,0b909810-3929-46f5-9b9a-526f51d25d3e,Atlanta,Portland,0,44.948954,-92.955096,46.87677,-97.158577,389408.81,arterial,3.78,none,0.0,11.124,10.0,65.0,0.97,0.0,0
f0e718a6-6ed0-4fbc-9247-9603c261f26f,0b909810-3929-46f5-9b9a-526f51d25d3e,Atlanta,Portland,0,46.87677,-97.158577,46.953091,-103.711734,497675.19,arterial,2.99,none,0.0,5.256,10.0,47.0,1.71,0.0,0
b1d52785-a7c4-48cd-8c98-3eedd4e3866c,0b909810-3929-46f5-9b9a-526f51d25d3e,Atlanta,Portland,0,46.953091,-103.711734,47.852905,-110.650535,531525.03,arterial,5.77,none,0.0,0.0,10.0,61.0,5.77,0.0,0
9d1a7c41-b399-4e5b-8d03-d4737ade7e4a,0b909810-3929-46f5-9b9a-526f51d25d3e,Atlanta,Portland,0,47.852905,-110.650535,47.342161,-115.275283,351339.19,residential,-2.52,none,0.0,4.86,10.0,75.0,-4.36,0.0,0
a3794f04-494b-48f9-a9ab-2ce28ec6485c,0b909810-3929-46f5-9b9a-526f51d25d3e,Atlanta,Portland,0,47.342161,-115.275283,47.308377,-117.972724,203335.71,residential,9.49,none,0.0,4.068,10.0,71.0,9.49,0.0,0
4c3c8efa-3eda-4d77-9351-50a00eebe1d6,0b909810-3929-46f5-9b9a-526f51d25d3e,Atlanta,Portland,0,47.308377,-117.972724,45.560409,-122.554717,401245.99,residential,14.17,none,0.0,6.948,10.0,49.0,12.92,0.0,0
196e7152-667a-4106-a29d-6c433628bbe9,0b909810-3929-46f5-9b9a-526f51d25d3e,Atlanta,Portland,0,45.560409,-122.554717,45.561615,-122.555753,156.49,residential,11.65,none,0.0,14.832,10.0,67.0,10.62,0.0,0
b58762db-db63-47bd-9ebe-dd7fa814cb07,819626c8-2602-4514-a3c3-3616237f4285,Atlanta,Portland,1,33.82011,-84.170434,35.1555,-85.785748,209675.63,highway,17.55,none,0.0,11.124,10.0,97.0,17.89,0.0,0
f8ef9386-2700-4fe1-b493-4e3d568493f7,819626c8-2602-4514-a3c3-3616237f4285,Atlanta,Portland,1,35.1555,-85.785748,37.04214,-88.639692,331267.27,highway,17.39,none,2.26,9.252,6.437,98.0,17.74,0.0,0
3fd50bef-b256-4070-99d4-ce4064bbef54,819626c8-2602-4514-a3c3-3616237f4285,Atlanta,Portland,1,37.04214,-88.639692,38.742673,-90.377718,242920.29,highway,16.61,rain,0.3,13.176,10.0,94.0,16.78,0.0,0
9037cdc8-ba5e-42a9-a75b-3cf52e348638,819626c8-2602-4514-a3c3-3616237f4285,Atlanta,Portland,1,38.742673,-90.377718,39.387404,-94.789416,387530.38,highway,14.22,none,0.0,5.544,10.0,77.0,13.71,0.0,0
eebfbaae-0d46-44ee-bf37-dfb7201583b0,819626c8-2602-4514-a3c3-3616237f4285,Atlanta,Portland,1,39.387404,-94.789416,40.753479,-98.612395,358979.04,arterial,6.68,none,0.0,11.088,10.0,87.0,4.47,0.0,0
27c81a92-d49e-4155-8daf-4e63edca4a44,819626c8-2602-4514-a3c3-3616237f4285,Atlanta,Portland,1,40.753479,-98.612395,41.226632,-105.438754,575213.56,arterial,0.29,none,0.0,10.116,10.0,90.0,-2.98,19.238,0
96ad9fef-d2da-462d-884a-127ff2664eb1,819626c8-2602-4514-a3c3-3616237f4285,Atlanta,Portland,1,41.226632,-105.438754,41.053287,-111.594996,515784.72,arterial,1.64,none,0.0,19.044,10.0,55.0,-3.02,0.0,0
43017405-49cd-4630-b911-3e07342c8adc,819626c8-2602-4514-a3c3-3616237f4285,Atlanta,Portland,1,41.053287,-111.594996,42.957492,-115.448894,382341.64,residential,4.92,none,0.0,1.008,10.0,52.0,4.92,0.0,0
2ad7761b-659b-4a11-8bf8-f839b3ea68d6,819626c8-2602-4514-a3c3-3616237f4285,Atlanta,Portland,1,42.957492,-115.448894,45.478386,-118.400069,365850.5,residential,12.99,none,0.0,3.204,10.0,52.0,11.7,0.0,0
2123af41-5a3c-465b-a664-e471895aee25,819626c8-2602-4514-a3c3-3616237f4285,Atlanta,Portland,1,45.478386,-118.400069,45.561749,-122.555742,323863.96,residential,9.31,none,0.0,16.812,10.0,62.0,6.86,0.0,0
6c4b2457-5ef9-452f-b6e7-32e96052b406,819626c8-2602-4514-a3c3-3616237f4285,Atlanta,Portland,1,45.561749,-122.555742,45.561615,-122.555753,14.92,residential,11.65,none,0.0,14.832,10.0,67.0,10.62,0.0,0
da9023b8-5008-48e5-b3bb-e2580693563a,7e84f43a-0e35-4d69-8090-dcb5e5b74ed9,New York,Toronto,0,40.549484,-74.132394,40.541407,-74.506832,31651.23,highway,11.99,none,0.0,7.416,10.0,63.0,10.89,0.0,0
63b0a299-b077-4361-a741-d5b6fcba7f34,7e84f43a-0e35-4d69-8090-dcb5e5b74ed9,New York,Toronto,0,40.541407,-74.506832,40.783876,-74.698177,31422.87,highway,12.14,none,0.0,3.204,10.0,62.0,11.03,0.0,0
a277d6f2-72d2-4d62-aeec-32fe43192ce1,7e84f43a-0e35-4d69-8090-dcb5e5b74ed9,New York,Toronto,0,40.783876,-74.698177,40.920651,-74.848521,19778.83,highway,11.08,none,0.0,4.464,10.0,70.0,10.07,0.0,0
e9820046-1ba5-4935-a86d-3e79f21cdcd0,7e84f43a-0e35-4d69-8090-dcb5e5b74ed9,New York,Toronto,0,40.920651,-74.848521,41.300814,-75.540267,71732.14,highway,11.23,none,0.0,11.124,10.0,69.0,10.21,0.0,0
cf87a94a-df44-4831-9121-e000188c3b77,7e84f43a-0e35-4d69-8090-dcb5e5b74ed9,New York,Toronto,0,41.300814,-75.540267,41.787632,-75.68518,55458.85,arterial,10.33,none,0.0,9.648,10.0,69.0,9.22,0.0,0
5346b478-9b7b-4b99-8bf9-cb4066edba5e,7e84f43a-0e35-4d69-8090-dcb5e5b74ed9,New York,Toronto,0,41.787632,-75.68518,42.294091,-75.92372,59661.46,arterial,10.96,none,0.0,3.204,10.0,75.0,10.07,0.0,0
fece71f7-3540-4617-99ab-9c65b8685ce2,7e84f43a-0e35-4d69-8090-dcb5e5b74ed9,New York,Toronto,0,42.294091,-75.92372,43.056165,-76.173531,87164.85,arterial,10.48,none,0.0,7.416,10.0,78.0,9.62,0.0,0
e02e3dd0-4e74-4ce5-a1c9-ce6dd629de31,7e84f43a-0e35-4d69-8090-dcb5e5b74ed9,New York,Toronto,0,43.056165,-76.173531,43.013665,-77.456872,104411.56,residential,11.74,none,0.0,17.928,10.0,82.0,11.11,0.0,0
b1ab4cf1-1d59-43d1-ba45-cdbd445b8b5f,7e84f43a-0e35-4d69-8090-dcb5e5b74ed9,New York,Toronto,0,43.013665,-77.456872,43.075125,-78.990613,124823.45,residential,13.99,none,0.0,14.832,10.0,82.0,13.59,0.0,0
540d105c-09da-4078-9e82-c17093b9aa6f,7e84f43a-0e35-4d69-8090-dcb5e5b74ed9,New York,Toronto,0,43.075125,-78.990613,43.461957,-79.647106,68377.41,residential,12.01,none,0.0,3.24,10.0,79.0,11.33,0.0,0
17febf17-f6f4-4f74-9206-448f02c938de,7e84f43a-0e35-4d69-8090-dcb5e5b74ed9,New York,Toronto,0,43.461957,-79.647106,43.461863,-79.645603,121.75,residential,13.04,none,0.0,4.644,10.0,79.0,12.46,0.0,0
f0ad11dd-2ae1-48b0-8f8f-19ee42f62a4e,ab62495e-3043-4f27-9ffd-c8684c1dc976,New York,Toronto,1,40.549484,-74.132394,40.553997,-74.484196,29727.28,highway,11.98,none,0.0,14.832,10.0,63.0,10.88,0.0,0
10856293-6285-4b3d-88e7-3ad935f70783,ab62495e-3043-4f27-9ffd-c8684c1dc976,New York,Toronto,1,40.553997,-74.484196,40.671866,-75.123977,55571.93,highway,11.12,none,0.0,0.0,10.0,69.0,10.09,0.0,0
fe44274f-b9dd-4d40-acfd-2dbba2ae97da,ab62495e-3043-4f27-9ffd-c8684c1dc976,New York,Toronto,1,40.671866,-75.123977,40.965051,-75.283186,35246.24,highway,12.32,none,0.0,3.348,10.0,69.0,11.41,0.0,0
7dc53416-77f2-4cbc-97b4-ecfd98b58e7f,ab62495e-3043-4f27-9ffd-c8684c1dc976,New York,Toronto,1,40.965051,-75.283186,41.564114,-75.650525,73347.82,highway,9.2,none,0.0,11.124,10.0,71.0,7.5,0.0,0
3e299d29-70a0-408b-a199-606c643e3e19,ab62495e-3043-4f27-9ffd-c8684c1dc976,New York,Toronto,1,41.564114,-75.650525,42.100385,-75.820837,61277.35,arterial,10.07,none,0.0,4.824,10.0,74.0,9.06,0.0,0
f6281a04-8c64-4d02-8c8f-d070f6e3f067,ab62495e-3043-4f27-9ffd-c8684c1dc976,New York,Toronto,1,42.100385,-75.820837,42.618756,-76.180184,64762.27,arterial,10.74,none,0.0,9.252,10.0,76.0,9.85,0.0,0
aa261910-106e-4659-a4a0-52afdb625319,ab62495e-3043-4f27-9ffd-c8684c1dc976,New York,Toronto,1,42.618756,-76.180184,42.965784,-76.56021,49503.18,arterial,10.8,none,0.0,9.252,10.0,80.0,10.02,0.0,0
06fc8d82-727b-4400-9d18-00c61e1cd5df,ab62495e-3043-4f27-9ffd-c8684c1dc976,New York,Toronto,1,42.965784,-76.56021,43.04505,-77.679922,91475.03,residential,12.41,none,0.0,6.444,10.0,82.0,11.85,0.0,0
0ce80391-da62-467e-aff7-38f6fd7368ff,ab62495e-3043-4f27-9ffd-c8684c1dc976,New York,Toronto,1,43.04505,-77.679922,43.098438,-78.982646,105982.72,residential,13.8,none,0.0,14.832,10.0,81.0,13.35,0.0,0
afa1685c-6eb9-4f9d-9e66-c66d94ae257c,ab62495e-3043-4f27-9ffd-c8684c1dc976,New York,Toronto,1,43.098438,-78.982646,43.461601,-79.646164,67198.88,residential,11.93,none,0.0,4.176,10.0,79.0,11.24,0.0,0
dfa3016e-416c-4764-9fa5-f1c166a46aeb,ab62495e-3043-4f27-9ffd-c8684c1dc976,New York,Toronto,1,43.461601,-79.646164,43.461863,-79.645603,53.84,residential,13.04,none,0.0,4.644,10.0,79.0,12.46,0.0,0
5c085a78-125b-42b0-a803-0de1f262ce5e,0c52ec15-802e-4504-b4f9-308cd2893733,Washington,Houston,0,38.773972,-76.955533,38.980124,-78.225431,112291.85,highway,14.43,none,0.0,5.544,10.0,75.0,13.89,0.0,0
9afd6246-48d6-47d6-bbb1-185e77503fbe,0c52ec15-802e-4504-b4f9-308cd2893733,Washington,Houston,0,38.980124,-78.225431,37.870599,-79.320889,155969.71,highway,12.69,none,0.0,11.124,10.0,86.0,12.26,0.0,0
f59b67f0-88aa-4b24-a658-d3d95fb7daa2,0c52ec15-802e-4504-b4f9-308cd2893733,Washington,Houston,0,37.870599,-79.320889,37.080217,-80.664053,147554.19,highway,14.9,none,0.0,5.544,10.0,89.0,14.77,0.0,0
676fb93e-1044-4a58-a05e-da6a0bb7f400,0c52ec15-802e-4504-b4f9-308cd2893733,Washington,Houston,0,37.080217,-80.664053,36.626932,-82.172245,143342.74,highway,13.85,none,0.0,0.0,10.0,89.0,13.61,0.0,0
6bd21317-4f70-45b5-ae57-e6d557d091ca,0c52ec15-802e-4504-b4f9-308cd2893733,Washington,Houston,0,36.626932,-82.172245,35.359968,-84.741633,270688.63,arterial,18.0,none,0.0,5.616,10.0,89.0,18.18,0.0,0
cf57dd0e-d0db-4021-a749-e17687cb1bbf,0c52ec15-802e-4504-b4f9-308cd2893733,Washington,Houston,0,35.359968,-84.741633,33.925997,-86.20459,208166.03,arterial,14.8,none,0.0,6.624,10.0,92.0,14.74,0.0,0
06c530b7-35b8-42ae-983d-72bae3e3fe2e,0c52ec15-802e-4504-b4f9-308cd2893733,Washington,Houston,0,33.925997,-86.20459,32.946934,-87.844874,187127.16,arterial,17.95,rain,5.31,11.124,10.0,98.0,18.36,9.558,0
45572390-f588-4724-a7ce-518e0d8d441a,0c52ec15-802e-4504-b4f9-308cd2893733,Washington,Houston,0,32.946934,-87.844874,31.136153,-89.37107,247449.53,residential,22.02,rain,0.11,16.164,10.0,88.0,22.58,0.0,0
7fdce9fd-924a-402a-b21c-b7b1908559a0,0c52ec15-802e-4504-b4f9-308cd2893733,Washington,Houston,0,31.136153,-89.37107,30.244043,-93.135326,373337.62,residential,23.92,none,0.0,11.196,10.0,85.0,24.59,0.0,0
4f55c8d0-5dee-4c39-b459-babf07aa97b8,0c52ec15-802e-4504-b4f9-308cd2893733,Washington,Houston,0,30.244043,-93.135326,29.679007,-95.451592,231808.72,residential,24.86,none,0.0,9.252,10.0,90.0,25.75,0.0,0
c79ddac2-c68e-4e45-baf8-16c9f71b55b9,0c52ec15-802e-4504-b4f9-308cd2893733,Washington,Houston,0,29.679007,-95.451592,29.679173,-95.447689,377.51,residential,26.47,none,0.0,12.96,10.0,81.0,26.47,0.0,0
857b25d3-6345-44a4-af30-f6ddb4c0336c,705cf120-da16-49a8-b310-bee4d224a2c8,Washington,Houston,1,38.773972,-76.955533,37.54047,-77.426916,143217.1,highway,13.18,none,0.0,8.244,10.0,80.0,12.64,0.0,0
013d3e29-dca9-448d-b2fb-4281df33670d,705cf120-da16-49a8-b310-bee4d224a2c8,Washington,Houston,1,37.54047,-77.426916,36.367694,-78.365254,154781.17,highway,13.65,none,0.0,5.328,10.0,90.0,13.42,0.0,0
71464811-8ce3-4363-9501-9f1cde525c32,705cf120-da16-49a8-b310-bee4d224a2c8,Washington,Houston,1,36.367694,-78.365254,35.805932,-80.187107,175219.13,highway,13.91,none,0.0,5.544,10.0,92.0,13.76,0.0,0
841ed840-806f-46c8-b376-9fcf48a24f3f,705cf120-da16-49a8-b310-bee4d224a2c8,Washington,Houston,1,35.805932,-80.187107,35.024916,-81.883147,176530.84,highway,15.41,none,0.0,0.0,10.0,95.0,15.49,0.0,0
0c59630e-97dc-456c-9dbd-dac044e920f8,705cf120-da16-49a8-b310-bee4d224a2c8,Washington,Houston,1,35.024916,-81.883147,34.118791,-83.758499,199079.5,arterial,16.26,none,0.0,11.124,10.0,94.0,16.4,0.0,0
0e41441b-ce74-4f51-bea0-85f52ac18466,705cf120-da16-49a8-b310-bee4d224a2c8,Washington,Houston,1,34.118791,-83.758499,32.91762,-85.115094,183450.15,arterial,16.18,rain,0.22,5.544,10.0,96.0,16.36,0.0,0
da4b1afd-2a22-46fa-9310-73826e6e1692,705cf120-da16-49a8-b310-bee4d224a2c8,Washington,Houston,1,32.91762,-85.115094,31.646164,-86.780153,210918.3,arterial,17.16,none,0.0,15.48,10.0,100.0,17.54,0.0,0
f70b408f-4934-4ccf-bc74-e985b50a878f,705cf120-da16-49a8-b310-bee4d224a2c8,Washington,Houston,1,31.646164,-86.780153,30.403454,-89.241541,272207.63,residential,22.95,none,0.0,12.348,10.0,85.0,23.52,0.0,0
447a1f8a-4ad9-4b16-8755-2ce51275f29d,705cf120-da16-49a8-b310-bee4d224a2c8,Washington,Houston,1,30.403454,-89.241541,30.236374,-93.19273,379693.01,residential,23.97,none,0.0,1.62,10.0,89.0,24.75,0.0,0
58bcd8b6-048e-4c85-992c-f3c728da731a,705cf120-da16-49a8-b310-bee4d224a2c8,Washington,Houston,1,30.236374,-93.19273,29.678933,-95.452467,226347.42,residential,24.88,none,0.0,9.252,10.0,90.0,25.77,0.0,0
79d38ef1-aa4d-4626-a6ef-ddc824ddb12b,705cf120-da16-49a8-b310-bee4d224a2c8,Washington,Houston,1,29.678933,-95.452467,29.679173,-95.447689,462.36,residential,26.47,none,0.0,12.96,10.0,81.0,26.47,0.0,0
2e2c1f93-a9d7-479f-a0e7-9e1abc2fcb35,a0422ac7-6501-40b3-8938-967e7f46c2e4,Detroit,Toronto,0,42.191661,-82.785987,42.262194,-82.459243,28023.49,highway,13.42,none,0.0,8.856,10.0,82.0,12.96,0.0,0
00f54e70-94f4-4322-bb9f-ffe927253817,a0422ac7-6501-40b3-8938-967e7f46c2e4,Detroit,Toronto,0,42.262194,-82.459243,42.467463,-81.933459,48856.9,highway,13.89,none,0.0,9.288,10.0,84.0,13.53,0.0,0
4bf94ff0-6a61-432b-a692-dbbf107c6153,a0422ac7-6501-40b3-8938-967e7f46c2e4,Detroit,Toronto,0,42.467463,-81.933459,42.736595,-81.430694,50881.11,highway,12.07,none,0.0,8.316,10.0,82.0,11.47,0.0,0
b86f81f5-f7f9-4122-8e3a-2670e5627813,a0422ac7-6501-40b3-8938-967e7f46c2e4,Detroit,Toronto,0,42.736595,-81.430694,42.978214,-80.934262,48571.74,highway,12.08,none,0.0,4.788,10.0,77.0,11.35,0.0,0
3ec8ddda-9600-4eda-ba88-36bc89e6f98f,a0422ac7-6501-40b3-8938-967e7f46c2e4,Detroit,Toronto,0,42.978214,-80.934262,43.243218,-80.573233,41559.59,arterial,11.25,none,0.0,5.184,10.0,86.0,10.68,0.0,0
17359ed9-e0cd-4149-8a64-930fb1d1c053,a0422ac7-6501-40b3-8938-967e7f46c2e4,Detroit,Toronto,0,43.243218,-80.573233,43.449819,-80.162121,40409.03,arterial,9.62,none,0.0,7.668,10.0,91.0,8.64,0.0,0
453fb607-7341-44d1-b659-9a65fe4d4a59,a0422ac7-6501-40b3-8938-967e7f46c2e4,Detroit,Toronto,0,43.449819,-80.162121,43.587423,-79.811022,32180.44,arterial,11.49,none,0.0,9.648,10.0,84.0,10.89,0.0,0
394ab1f7-063d-4e76-9107-af962a7eb4be,a0422ac7-6501-40b3-8938-967e7f46c2e4,Detroit,Toronto,0,43.587423,-79.811022,43.764824,-79.593934,26342.44,residential,12.3,none,0.0,10.26,10.0,79.0,11.65,0.0,0
2e68da14-48b1-4d6f-bbaf-fde3e2d2b7e2,a0422ac7-6501-40b3-8938-967e7f46c2e4,Detroit,Toronto,0,43.764824,-79.593934,43.817282,-79.359388,19709.48,residential,11.8,none,0.0,8.388,10.0,84.0,11.23,0.0,0
265988ce-1742-446b-a980-87316015e93b,a0422ac7-6501-40b3-8938-967e7f46c2e4,Detroit,Toronto,0,43.817282,-79.359388,43.741894,-79.317873,9021.05,residential,11.76,none,0.0,5.544,10.0,83.0,11.16,0.0,0
52ff0d86-686a-438e-89fe-6045600da935,a0422ac7-6501-40b3-8938-967e7f46c2e4,Detroit,Toronto,0,43.741894,-79.317873,43.742025,-79.317692,20.58,residential,13.0,none,0.0,5.544,10.0,79.0,12.42,0.0,0
767f5caf-b452-4b85-9a68-bb3597243749,1300b6ba-e4af-4ec1-b1d3-3bac2740ed79,Detroit,Toronto,1,42.191661,-82.785987,42.266889,-82.450507,28860.74,highway,13.42,none,0.0,8.856,10.0,82.0,12.96,0.0,0
ecb671f1-65a7-424e-b3ca-d86ae634ad99,1300b6ba-e4af-4ec1-b1d3-3bac2740ed79,Detroit,Toronto,1,42.266889,-82.450507,42.496969,-81.860888,54771.13,highway,13.88,none,0.0,9.288,10.0,84.0,13.52,0.0,0
186cdd99-5fc5-4110-8a4a-f019a37a8b52,1300b6ba-e4af-4ec1-b1d3-3bac2740ed79,Detroit,Toronto,1,42.496969,-81.860888,42.818001,-81.313094,57279.26,highway,12.14,none,0.0,7.236,10.0,81.0,11.52,0.0,0
3134dea8-744e-495d-807a-ae6172fea63f,1300b6ba-e4af-4ec1-b1d3-3bac2740ed79,Detroit,Toronto,1,42.818001,-81.313094,43.050597,-80.82162,47642.09,highway,11.6,none,0.0,5.616,10.0,78.0,10.85,0.0,0
c16aec6d-28d8-4563-80a7-af73e2dfa888,1300b6ba-e4af-4ec1-b1d3-3bac2740ed79,Detroit,Toronto,1,43.050597,-80.82162,43.186246,-80.112096,59531.48,arterial,11.42,none,0.0,7.56,10.0,78.0,10.65,0.0,0
7778c688-2aea-40c8-a675-5154ebbf3960,1300b6ba-e4af-4ec1-b1d3-3bac2740ed79,Detroit,Toronto,1,43.186246,-80.112096,43.284306,-79.895036,20690.47,arterial,12.39,none,0.0,9.144,10.0,86.0,11.93,0.0,0
7a99a740-c2fd-4cd7-9868-6671066030b3,1300b6ba-e4af-4ec1-b1d3-3bac2740ed79,Detroit,Toronto,1,43.284306,-79.895036,43.499407,-79.67334,29882.62,arterial,12.77,none,0.0,5.58,10.0,84.0,12.3,0.0,0
e8aa6b96-d699-4870-9639-9dbcf7aa394f,1300b6ba-e4af-4ec1-b1d3-3bac2740ed79,Detroit,Toronto,1,43.499407,-79.67334,43.637846,-79.447148,23854.96,residential,12.53,none,0.0,7.056,10.0,79.0,11.9,0.0,0
3ab09171-891d-4ddc-ac8e-cd913476868b,1300b6ba-e4af-4ec1-b1d3-3bac2740ed79,Detroit,Toronto,1,43.637846,-79.447148,43.682921,-79.362016,8486.49,residential,13.54,none,0.0,18.504,10.0,78.0,12.99,0.0,0
eebeb521-411f-4f78-b0c6-47ec735cad20,1300b6ba-e4af-4ec1-b1d3-3bac2740ed79,Detroit,Toronto,1,43.682921,-79.362016,43.742051,-79.318829,7434.95,residential,12.3,none,0.0,3.204,10.0,84.0,11.78,0.0,0
5073c5fd-f04e-443a-88cb-8f1fe91ad08b,1300b6ba-e4af-4ec1-b1d3-3bac2740ed79,Detroit,Toronto,1,43.742051,-79.318829,43.742025,-79.317692,91.39,residential,13.0,none,0.0,5.544,10.0,79.0,12.42,0.0,0
41fefb9c-b279-4e9a-bc7e-944423b642a9,08ce8c54-6bf0-42bb-b0a9-0449e5f702d4,Chicago,Los Angeles,0,42.015576,-87.831889,41.6457,-91.13591,276803.77,highway,12.29,none,0.0,5.544,10.0,67.0,11.32,0.0,0
018cc398-ceb6-49e5-a9b2-c752d179ab5b,08ce8c54-6bf0-42bb-b0a9-0449e5f702d4,Chicago,Los Angeles,0,41.6457,-91.13591,41.497782,-95.403124,355324.37,highway,10.93,none,0.0,9.108,10.0,63.0,9.72,0.0,0
ce5967f1-5ddf-451a-8dc7-af05a628b4ff,08ce8c54-6bf0-42bb-b0a9-0449e5f702d4,Chicago,Los Angeles,0,41.497782,-95.403124,40.722706,-98.727633,291531.77,highway,6.4,none,0.0,11.52,10.0,86.0,4.05,0.0,0
d7d0576f-bcb4-4c54-bcd9-48d7f06ef606,08ce8c54-6bf0-42bb-b0a9-0449e5f702d4,Chicago,Los Angeles,0,40.722706,-98.727633,40.001152,-104.714233,513427.35,highway,2.85,none,0.0,7.416,10.0,100.0,0.8,0.0,0
01ea9511-6b1b-42b1-9b7c-bd01be3f3779,08ce8c54-6bf0-42bb-b0a9-0449e5f702d4,Chicago,Los Angeles,0,40.001152,-104.714233,39.6604,-105.987697,115153.09,arterial,1.99,none,0.0,8.352,10.0,61.0,-0.49,0.0,0
49984713-a519-447d-8661-b9054136c218,08ce8c54-6bf0-42bb-b0a9-0449e5f702d4,Chicago,Los Angeles,0,39.6604,-105.987697,39.57535,-107.223497,106273.27,arterial,3.83,none,0.0,3.204,10.0,66.0,3.83,0.0,0
abd2f463-7ae9-4881-87bf-b059a01e3bb4,08ce8c54-6bf0-42bb-b0a9-0449e5f702d4,Chicago,Los Angeles,0,39.57535,-107.223497,38.936164,-109.841183,236316.62,arterial,7.25,none,0.0,14.832,10.0,33.0,4.56,0.0,0
dc187867-25db-42c1-bbd6-bfdbd79320de,08ce8c54-6bf0-42bb-b0a9-0449e5f702d4,Chicago,Los Angeles,0,38.936164,-109.841183,38.547702,-112.37916,224306.27,residential,7.03,none,0.0,13.392,10.0,41.0,4.5,0.0,0
e2edf49e-2592-447b-8cb1-dc8fd39be18b,08ce8c54-6bf0-42bb-b0a9-0449e5f702d4,Chicago,Los Angeles,0,38.547702,-112.37916,36.176712,-115.152096,359914.95,residential,13.17,none,0.0,4.392,10.0,41.0,11.61,0.0,0
69714922-fe4a-40ab-9f76-64638573571b,08ce8c54-6bf0-42bb-b0a9-0449e5f702d4,Chicago,Los Angeles,0,36.176712,-115.152096,33.97969,-117.951798,352936.74,residential,12.52,none,0.0,16.02,10.0,47.0,11.05,0.0,0
cc0de9c3-4f80-40e0-a3ab-c39ca6fb12dd,08ce8c54-6bf0-42bb-b0a9-0449e5f702d4,Chicago,Los Angeles,0,33.97969,-117.951798,33.979768,-117.951565,23.17,residential,15.27,none,0.0,14.832,10.0,65.0,14.55,0.0,0
8bc393fa-1d64-41e8-be4f-e27e165200cd,323ab526-4750-4452-ac9b-7f81ed23c63b,Chicago,Los Angeles,1,42.015576,-87.831889,41.572784,-90.360325,215305.02,highway,12.01,none,0.0,5.544,10.0,62.0,10.89,0.0,0
ef3eea9d-4bb7-40ab-a77b-30e85a3b07f6,323ab526-4750-4452-ac9b-7f81ed23c63b,Chicago,Los Angeles,1,41.572784,-90.360325,41.566291,-93.859992,291120.34,highway,10.37,none,0.0,6.948,10.0,65.0,9.16,0.0,0
008ba610-c299-4643-a162-0466652a1f2e,323ab526-4750-4452-ac9b-7f81ed23c63b,Chicago,Los Angeles,1,41.566291,-93.859992,41.008685,-96.310665,213933.1,highway,10.0,none,0.0,16.668,10.0,71.0,7.73,0.0,0
9fe6edcc-b72c-4af4-a9a2-3ab93daeeeed,323ab526-4750-4452-ac9b-7f81ed23c63b,Chicago,Los Angeles,1,41.008685,-96.310665,41.031324,-100.459992,348081.62,highway,2.94,none,0.0,7.416,10.0,93.0,0.9,0.0,0
50378b90-f1a2-4760-8205-62d028c72eed,323ab526-4750-4452-ac9b-7f81ed23c63b,Chicago,Los Angeles,1,41.031324,-100.459992,41.143929,-105.367001,411383.71,arterial,0.64,none,0.0,5.544,10.0,90.0,-1.09,15.3,0
17e5ab5d-dd61-4f41-bacc-654362c3127d,323ab526-4750-4452-ac9b-7f81ed23c63b,Chicago,Los Angeles,1,41.143929,-105.367001,41.470015,-110.040288,391981.23,arterial,3.23,none,0.0,15.48,10.0,62.0,-0.5,0.0,0
3a77c139-7801-4e2f-95c4-d8d2b38de1cc,323ab526-4750-4452-ac9b-7f81ed23c63b,Chicago,Los Angeles,1,41.470015,-110.040288,40.304417,-111.655495,187701.65,arterial,-3.02,none,0.0,10.008,10.0,87.0,-6.91,22.5,0
1343c446-d53e-4938-8242-3e67b5069010,323ab526-4750-4452-ac9b-7f81ed23c63b,Chicago,Los Angeles,1,40.304417,-111.655495,37.631636,-113.110254,322702.25,residential,7.35,none,0.0,6.588,10.0,49.0,6.27,0.0,0
262b2fce-d933-493f-acf7-b6a4178575a3,323ab526-4750-4452-ac9b-7f81ed23c63b,Chicago,Los Angeles,1,37.631636,-113.110254,35.616776,-115.387758,302474.95,residential,17.38,none,0.0,5.616,10.0,22.0,15.75,0.0,0
8aa60f56-907e-4434-a468-7bdf19f8738f,323ab526-4750-4452-ac9b-7f81ed23c63b,Chicago,Los Angeles,1,35.616776,-115.387758,33.979643,-117.952461,296593.97,residential,19.97,none,0.0,0.0,10.0,19.0,18.52,0.0,0
dded1e78-d7a2-42db-ae62-c02c0bac1e44,323ab526-4750-4452-ac9b-7f81ed23c63b,Chicago,Los Angeles,1,33.979643,-117.952461,33.979768,-117.951565,83.78,residential,15.27,none,0.0,14.832,10.0,65.0,14.55,0.0,0
d72be50a-6c97-413d-80a4-ba6260ee5aa7,3dd05570-7f4d-4bab-b801-5d288c794111,Portland,Montreal,0,45.549131,-122.567536,45.377904,-118.305367,332903.65,highway,9.95,none,0.0,14.472,10.0,63.0,7.93,0.0,0
468dcebe-2456-43f6-b146-ad3faada7b61,3dd05570-7f4d-4bab-b801-5d288c794111,Portland,Montreal,0,45.377904,-118.305367,42.810044,-114.773876,401253.53,highway,11.26,none,0.0,8.424,10.0,47.0,9.67,0.0,0
4d60a3c8-5c11-4ed8-b7a0-0099b3e8bc01,3dd05570-7f4d-4bab-b801-5d288c794111,Portland,Montreal,0,42.810044,-114.773876,41.297276,-110.559079,386451.32,highway,8.12,none,0.0,2.16,10.0,44.0,8.12,0.0,0
af9f6a60-684f-4d96-9c7c-facf368fb2b2,3dd05570-7f4d-4bab-b801-5d288c794111,Portland,Montreal,0,41.297276,-110.559079,41.112755,-102.942839,637287.47,highway,1.0,none,0.0,13.86,10.0,75.0,-2.95,0.0,0
27a0eddb-f6d6-4541-9d42-4a81b598d01b,3dd05570-7f4d-4bab-b801-5d288c794111,Portland,Montreal,0,41.112755,-102.942839,41.187737,-96.105122,572423.73,arterial,4.35,none,0.0,10.008,10.0,91.0,1.9,0.0,0
de380734-576f-499c-a3fb-0059108c82a3,3dd05570-7f4d-4bab-b801-5d288c794111,Portland,Montreal,0,41.187737,-96.105122,41.66738,-91.372632,398098.5,arterial,9.81,none,0.0,7.416,10.0,74.0,8.92,0.0,0
a2c820bb-b6cd-4217-a254-7d024ae7fbe6,3dd05570-7f4d-4bab-b801-5d288c794111,Portland,Montreal,0,41.66738,-91.372632,41.925942,-86.570117,399100.33,arterial,11.64,none,0.0,5.544,10.0,62.0,10.48,0.0,0
448b9919-60c6-4e98-b57d-f8291c519c89,3dd05570-7f4d-4bab-b801-5d288c794111,Portland,Montreal,0,41.925942,-86.570117,42.9997,-83.025628,314281.95,residential,6.72,none,0.0,3.852,10.0,87.0,6.72,0.0,0
d73c97ad-9158-4684-9a06-663eb592e386,3dd05570-7f4d-4bab-b801-5d288c794111,Portland,Montreal,0,42.9997,-83.025628,44.279262,-76.782464,522003.34,residential,12.05,none,0.0,10.116,10.0,84.0,11.5,0.0,0
434d6c1a-ecb3-4990-b1cc-8503641528e7,3dd05570-7f4d-4bab-b801-5d288c794111,Portland,Montreal,0,44.279262,-76.782464,45.707879,-73.402431,309604.06,residential,15.84,none,0.0,17.748,10.0,55.0,14.92,0.0,0
37806791-192a-4b4f-aaab-f0c5088369d4,92913686-0796-4e52-9b92-de47bd65d21c,Portland,Montreal,1,45.549131,-122.567536,47.2993,-118.021669,399003.69,highway,14.27,none,0.0,5.544,10.0,49.0,13.03,0.0,0
0b7b0bec-8de4-4190-8e4f-391475eb973e,92913686-0796-4e52-9b92-de47bd65d21c,Portland,Montreal,1,47.2993,-118.021669,47.334285,-115.267891,207616.33,highway,8.15,none,0.0,4.356,10.0,71.0,8.15,0.0,0
bcd5ad59-cbf2-4af6-a754-486d2b7f7154,92913686-0796-4e52-9b92-de47bd65d21c,Portland,Montreal,1,47.334285,-115.267891,45.73156,-110.233989,424201.19,highway,4.27,none,0.0,4.608,10.0,79.0,4.27,0.0,0
b50d998f-3e0b-42df-bf70-37a67735b89c,92913686-0796-4e52-9b92-de47bd65d21c,Portland,Montreal,1,45.73156,-110.233989,46.884746,-102.731081,590149.31,highway,7.14,none,0.0,8.388,10.0,68.0,5.57,0.0,0
cd2a9a85-689a-4e83-ba6b-3d5a22c2808f,92913686-0796-4e52-9b92-de47bd65d21c,Portland,Montreal,1,46.884746,-102.731081,46.527791,-95.4033,559950.88,arterial,2.73,none,0.0,8.424,10.0,51.0,0.37,0.0,0
affdaa31-e6bd-4e19-8b4c-22fed0eaa024,92913686-0796-4e52-9b92-de47bd65d21c,Portland,Montreal,1,46.527791,-95.4033,46.583032,-90.905347,343937.44,arterial,4.85,none,0.0,9.252,10.0,60.0,2.66,0.0,0
4efbc258-ce25-4feb-a2a4-7f094922c275,92913686-0796-4e52-9b92-de47bd65d21c,Portland,Montreal,1,46.583032,-90.905347,46.438724,-86.881849,308287.33,arterial,3.57,none,0.0,5.508,10.0,93.0,2.27,0.0,0
27e7ffd7-83a2-4007-a5fd-6a1449a2a5cd,92913686-0796-4e52-9b92-de47bd65d21c,Portland,Montreal,1,46.438724,-86.881849,46.359948,-81.429504,418111.73,residential,3.28,none,0.0,18.504,10.0,81.0,-0.89,0.0,0
38d18877-ccbf-4a86-b92d-bad35af6e162,92913686-0796-4e52-9b92-de47bd65d21c,Portland,Montreal,1,46.359948,-81.429504,45.386826,-75.736549,453719.32,residential,6.89,none,0.0,11.592,10.0,92.0,4.63,0.0,0
2b9d8012-c6fd-4769-8ea0-0d0b7e22e907,92913686-0796-4e52-9b92-de47bd65d21c,Portland,Montreal,1,45.386826,-75.736549,45.711191,-73.396155,185773.19,residential,15.01,none,0.0,9.936,10.0,58.0,14.08,0.0,0
b769525a-7c22-4a77-b9db-cf00dbdcd26e,92913686-0796-4e52-9b92-de47bd65d21c,Portland,Montreal,1,45.711191,-73.396155,45.707879,-73.402431,610.82,residential,15.02,none,0.0,14.58,10.0,41.0,13.65,0.0,0
6a7e1c2b-820c-437b-9528-e81e4fbe72dd,ff0002db-1922-41f0-bde3-89813f824faa,Columbus,New York,0,40.143625,-83.058519,39.949211,-82.164012,79151.42,highway,13.98,none,0.0,0.0,10.0,86.0,13.68,0.0,0
ad7bc185-c1d6-41e0-9ca5-bfb47b8b552e,ff0002db-1922-41f0-bde3-89813f824faa,Columbus,New York,0,39.949211,-82.164012,40.047098,-80.773726,118926.02,highway,13.79,none,0.0,0.0,10.0,100.0,13.84,0.0,0
800a8ee1-7375-4aa9-b7f0-5affeb2da3ea,ff0002db-1922-41f0-bde3-89813f824faa,Columbus,New York,0,40.047098,-80.773726,40.122732,-79.955563,70110.57,highway,13.58,none,0.0,0.0,10.0,95.0,13.47,0.0,0
e785aa36-dea3-49fd-90e8-e35816170db3,ff0002db-1922-41f0-bde3-89813f824faa,Columbus,New York,0,40.122732,-79.955563,39.985216,-78.958158,86257.67,highway,12.43,none,0.0,7.596,10.0,94.0,12.18,0.0,0
9bd93c0b-e597-441e-b6f1-b12374eb6923,ff0002db-1922-41f0-bde3-89813f824faa,Columbus,New York,0,39.985216,-78.958158,40.001936,-78.215964,63253.37,arterial,12.2,none,0.0,5.544,10.0,82.0,11.62,0.0,0
4757c813-6661-4f44-8d30-808b79d3c793,ff0002db-1922-41f0-bde3-89813f824faa,Columbus,New York,0,40.001936,-78.215964,40.199784,-77.033344,102963.75,arterial,12.01,none,0.0,2.988,10.0,88.0,11.56,0.0,0
81c3e7c0-c51c-44c3-85d4-015ac9d64a46,ff0002db-1922-41f0-bde3-89813f824faa,Columbus,New York,0,40.199784,-77.033344,40.134442,-75.794406,105523.89,arterial,11.84,none,0.0,7.236,10.0,76.0,11.06,0.0,0
d100ed83-bc1d-42f0-92c4-e306879dd72c,ff0002db-1922-41f0-bde3-89813f824faa,Columbus,New York,0,40.134442,-75.794406,40.247718,-74.519491,109022.16,residential,12.15,none,0.0,7.416,10.0,67.0,11.17,0.0,0
973b2286-17d2-4f31-808f-a68a24cb3efa,ff0002db-1922-41f0-bde3-89813f824faa,Columbus,New York,0,40.247718,-74.519491,40.604795,-74.024746,57708.45,residential,11.67,none,0.0,5.4,10.0,65.0,10.59,0.0,0
75c34799-5c55-4598-8227-4032578a9df4,ff0002db-1922-41f0-bde3-89813f824faa,Columbus,New York,0,40.604795,-74.024746,40.587725,-73.751201,23173.76,residential,11.19,none,0.0,7.416,10.0,71.0,10.22,0.0,0
c29c68f0-acb2-4b91-9e07-38ccd8e1dccb,ff0002db-1922-41f0-bde3-89813f824faa,Columbus,New York,0,40.587725,-73.751201,40.587275,-73.751544,57.82,residential,10.77,none,0.0,7.416,10.0,74.0,9.83,0.0,0
1db527ae-51b4-418e-bf9c-4f96a5691524,e3815965-affc-4e26-87f7-7836687ce599,Columbus,New York,1,40.143625,-83.058519,40.909824,-82.144506,115004.95,highway,12.24,none,0.0,4.248,10.0,90.0,11.87,0.0,0
f62fbe89-f0e4-44f9-9768-df3f6457150d,e3815965-affc-4e26-87f7-7836687ce599,Columbus,New York,1,40.909824,-82.144506,41.105535,-81.040108,95190.34,highway,12.56,none,0.0,5.544,10.0,85.0,12.09,0.0,0
fc1bd15f-c7ed-413f-b509-744bad44a810,e3815965-affc-4e26-87f7-7836687ce599,Columbus,New York,1,41.105535,-81.040108,41.194799,-79.581684,122512.77,highway,13.55,none,0.0,7.416,10.0,86.0,13.21,0.0,0
9375b94a-e00f-45f5-807b-53de83168d77,e3815965-affc-4e26-87f7-7836687ce599,Columbus,New York,1,41.194799,-79.581684,41.124847,-78.569565,85086.4,highway,10.92,none,0.0,11.124,10.0,93.0,10.5,0.0,0
51d0c465-9219-47ae-86aa-f2da2d436ceb,e3815965-affc-4e26-87f7-7836687ce599,Columbus,New York,1,41.124847,-78.569565,41.061878,-77.395752,98614.7,arterial,8.92,none,0.0,4.608,6.297,91.0,8.92,0.0,0
5edfa5fa-284f-42c6-89f6-7eed692f35b0,e3815965-affc-4e26-87f7-7836687ce599,Columbus,New York,1,41.061878,-77.395752,41.057033,-75.81381,132635.83,arterial,10.96,none,0.0,4.572,10.0,77.0,10.12,0.0,0
568100f6-4bba-45bc-a0a1-95c021dcf03f,e3815965-affc-4e26-87f7-7836687ce599,Columbus,New York,1,41.057033,-75.81381,40.924281,-74.786274,87496.52,arterial,11.49,none,0.0,11.124,10.0,67.0,10.44,0.0,0
0a3a9e18-f239-4972-9bdf-532ab4ccc922,e3815965-affc-4e26-87f7-7836687ce599,Columbus,New York,1,40.924281,-74.786274,40.901745,-74.154775,53124.22,residential,11.91,none,0.0,7.416,10.0,64.0,10.83,0.0,0
0da2dece-6d51-4c94-a4d1-1b4ee6ac5c79,e3815965-affc-4e26-87f7-7836687ce599,Columbus,New York,1,40.901745,-74.154775,40.792457,-73.924462,22868.65,residential,12.34,none,0.0,12.96,10.0,59.0,11.17,0.0,0
df307123-e9e7-40bf-86f3-f01d61da5080,e3815965-affc-4e26-87f7-7836687ce599,Columbus,New York,1,40.792457,-73.924462,40.587658,-73.751283,27051.59,residential,11.26,none,0.0,12.96,10.0,68.0,10.22,0.0,0
5e5143be-9177-4a14-a5af-6406f6e85159,e3815965-affc-4e26-87f7-7836687ce599,Columbus,New York,1,40.587658,-73.751283,40.587275,-73.751544,47.95,residential,10.77,none,0.0,7.416,10.0,74.0,9.83,0.0,0
ec9aa31e-bf64-4ae5-a125-4afa93dbb6e5,04b51876-0406-4d46-91e7-175072573482,San Francisco,Montreal,0,37.662433,-122.374783,39.20336,-120.796445,219670.17,highway,17.36,none,0.0,9.252,10.0,65.0,16.85,0.0,0
20bfa4c4-4869-41ba-b811-2a164c33611e,04b51876-0406-4d46-91e7-175072573482,San Francisco,Montreal,0,39.20336,-120.796445,39.705215,-119.096884,156222.59,highway,2.69,none,0.0,22.212,10.0,53.0,-2.11,0.0,0
7dd99dac-8087-427f-89c4-fe2871535d72,04b51876-0406-4d46-91e7-175072573482,San Francisco,Montreal,0,39.705215,-119.096884,40.717787,-112.096594,604829.26,highway,4.52,none,0.0,5.652,10.0,43.0,3.31,0.0,0
307acd67-f045-486e-9896-358aa4a847d5,04b51876-0406-4d46-91e7-175072573482,San Francisco,Montreal,0,40.717787,-112.096594,41.544559,-106.085243,511678.7,highway,1.34,none,0.0,11.52,10.0,56.0,-2.06,0.0,0
4b4dc6f1-fbe1-4728-a7cb-44216ae7ed15,04b51876-0406-4d46-91e7-175072573482,San Francisco,Montreal,0,41.544559,-106.085243,40.821029,-98.301704,656098.52,arterial,4.74,none,0.0,10.98,10.0,89.0,2.16,0.0,0
152d0e8e-c005-4612-a8e2-9b28f5b4ed48,04b51876-0406-4d46-91e7-175072573482,San Francisco,Montreal,0,40.821029,-98.301704,41.699753,-93.207764,436783.96,arterial,8.42,none,0.0,16.668,10.0,76.0,5.77,0.0,0
02002bf1-c024-4655-aa3b-cd468b5a75ed,04b51876-0406-4d46-91e7-175072573482,San Francisco,Montreal,0,41.699753,-93.207764,41.577863,-87.671006,460232.21,arterial,12.04,none,0.0,5.544,10.0,67.0,11.05,0.0,0
488be6a6-8ad3-4cc4-8abf-92f3c46aae26,04b51876-0406-4d46-91e7-175072573482,San Francisco,Montreal,0,41.577863,-87.671006,43.017718,-83.614819,369979.34,residential,8.44,none,0.0,0.0,10.0,90.0,8.44,0.0,0
e95c11b4-8bba-4ece-ab22-3fbef68f0cb4,04b51876-0406-4d46-91e7-175072573482,San Francisco,Montreal,0,43.017718,-83.614819,44.076949,-77.75108,486922.96,residential,9.51,none,0.0,1.908,10.0,87.0,9.51,0.0,0
b3289acd-2de1-4fbc-a611-6d1964b2c6a3,04b51876-0406-4d46-91e7-175072573482,San Francisco,Montreal,0,44.076949,-77.75108,45.438847,-73.318566,381271.85,residential,14.93,none,0.0,11.124,10.0,44.0,13.63,0.0,0
0a03b155-aa1f-459e-85bf-774bc97c6b8d,04b51876-0406-4d46-91e7-175072573482,San Francisco,Montreal,0,45.438847,-73.318566,45.439074,-73.318494,25.86,residential,14.81,none,0.1,19.296,10.0,42.0,13.44,0.0,0
0d366f66-9eb1-444b-aa7b-21adc18f451e,5b46a8cc-3173-4824-b99b-22084e7f8a26,San Francisco,Montreal,1,37.662433,-122.374783,39.227335,-120.763025,223556.91,highway,17.38,none,0.0,9.252,10.0,65.0,16.87,0.0,0
d6d6888f-0db3-48fa-b072-5e8f100220fd,5b46a8cc-3173-4824-b99b-22084e7f8a26,San Francisco,Montreal,1,39.227335,-120.763025,39.819309,-118.992996,165470.41,highway,9.88,none,0.0,25.92,10.0,52.0,6.73,0.0,0
994fb314-6263-46ab-8249-3f527ae9f1c0,5b46a8cc-3173-4824-b99b-22084e7f8a26,San Francisco,Montreal,1,39.819309,-118.992996,40.723451,-111.906519,609392.48,highway,6.52,none,0.0,6.372,10.0,41.0,5.37,0.0,0
c3fcce4c-3fb3-4649-9ee4-d49b3c4ea4b9,5b46a8cc-3173-4824-b99b-22084e7f8a26,San Francisco,Montreal,1,40.723451,-111.906519,41.272237,-105.486071,542137.92,highway,3.14,none,0.0,11.664,10.0,55.0,0.09,0.0,0
80936d1d-8e65-4b10-b0da-76bd9247e4e2,5b46a8cc-3173-4824-b99b-22084e7f8a26,San Francisco,Montreal,1,41.272237,-105.486071,40.822298,-97.200902,696324.02,arterial,1.88,none,0.0,9.144,10.0,90.0,-0.83,1.35,0
aa9d3f44-2787-457c-81b9-2e68ff6c0155,5b46a8cc-3173-4824-b99b-22084e7f8a26,San Francisco,Montreal,1,40.822298,-97.200902,39.750792,-92.384961,425451.18,arterial,9.59,none,0.0,7.416,10.0,85.0,8.67,0.0,0
3b17b603-b688-4310-b30e-587314e8a16a,5b46a8cc-3173-4824-b99b-22084e7f8a26,San Francisco,Montreal,1,39.750792,-92.384961,39.926757,-86.256087,523552.31,arterial,13.94,none,0.0,11.88,10.0,85.0,13.61,0.0,0
2daa9a14-235c-4f1a-8f8f-9e5272ac2336,5b46a8cc-3173-4824-b99b-22084e7f8a26,San Francisco,Montreal,1,39.926757,-86.256087,41.812296,-83.447826,315748.07,residential,11.27,none,0.0,10.368,10.0,87.0,10.72,0.0,0
58db4c49-d179-4d02-9e72-39f9189c095f,5b46a8cc-3173-4824-b99b-22084e7f8a26,San Francisco,Montreal,1,41.812296,-83.447826,44.014236,-77.966567,508965.15,residential,11.42,none,0.0,6.444,10.0,79.0,10.68,0.0,0
0bb98355-95ab-436b-924b-f6e2ffd95152,5b46a8cc-3173-4824-b99b-22084e7f8a26,San Francisco,Montreal,1,44.014236,-77.966567,45.439074,-73.318494,399843.49,residential,14.97,none,0.0,11.124,10.0,44.0,13.67,0.0,0
8044b9de-b834-428e-822a-ae313e97d264,032ba3eb-6708-471c-93ed-2e0647db588d,Phoenix,Pittsburgh,0,33.306567,-112.215247,33.955071,-111.409585,103747.56,highway,21.05,none,0.0,3.204,10.0,17.0,19.65,0.0,0
af03cdb1-6ac2-4464-aac0-ad43d4cc524d,032ba3eb-6708-471c-93ed-2e0647db588d,Phoenix,Pittsburgh,0,33.955071,-111.409585,34.913449,-110.152724,156978.42,highway,9.08,none,0.0,11.808,10.0,22.0,7.24,0.0,0
253a99bc-1752-48d1-8810-b88666a30c38,032ba3eb-6708-471c-93ed-2e0647db588d,Phoenix,Pittsburgh,0,34.913449,-110.152724,35.001543,-105.475636,426309.89,highway,9.13,none,0.0,20.34,10.0,12.0,6.26,0.0,0
1e2d6609-051b-49e2-bf69-30d142bffd58,032ba3eb-6708-471c-93ed-2e0647db588d,Phoenix,Pittsburgh,0,35.001543,-105.475636,35.260334,-99.716348,524462.99,highway,15.39,none,0.0,17.64,10.0,30.0,13.77,0.0,0
fab16834-f5ed-4e18-8a8a-1562b01b0906,032ba3eb-6708-471c-93ed-2e0647db588d,Phoenix,Pittsburgh,0,35.260334,-99.716348,36.17102,-95.731989,373663.74,arterial,14.29,none,0.0,24.084,10.0,79.0,13.84,0.0,0
d581befe-1f12-4418-a0e1-043ad6dce9cd,032ba3eb-6708-471c-93ed-2e0647db588d,Phoenix,Pittsburgh,0,36.17102,-95.731989,37.980504,-91.711613,409450.43,arterial,11.54,none,0.0,12.888,10.0,98.0,11.31,0.0,0
19043f12-9d92-4593-a791-e7dafb7f9c56,032ba3eb-6708-471c-93ed-2e0647db588d,Phoenix,Pittsburgh,0,37.980504,-91.711613,38.816791,-89.564646,208923.13,arterial,13.56,none,0.0,13.536,10.0,97.0,13.5,0.0,0
7d0a7010-7b89-4e94-9aa0-32b44bd59684,032ba3eb-6708-471c-93ed-2e0647db588d,Phoenix,Pittsburgh,0,38.816791,-89.564646,39.753238,-86.145184,312150.21,residential,14.76,none,0.0,11.196,10.0,100.0,14.9,0.0,0
4f833cc5-063d-43d3-bfd1-27a8e05910bf,032ba3eb-6708-471c-93ed-2e0647db588d,Phoenix,Pittsburgh,0,39.753238,-86.145184,39.936055,-82.259344,332344.44,residential,13.76,none,0.0,9.252,10.0,88.0,13.49,0.0,0
617aca4e-29d1-4728-b743-60f50cd32237,032ba3eb-6708-471c-93ed-2e0647db588d,Phoenix,Pittsburgh,0,39.936055,-82.259344,40.478222,-80.13738,190010.89,residential,13.76,none,0.0,7.56,10.0,88.0,13.49,0.0,0
c5361235-316f-4800-b3fe-969e82be7447,032ba3eb-6708-471c-93ed-2e0647db588d,Phoenix,Pittsburgh,0,40.478222,-80.13738,40.477487,-80.138599,131.57,residential,15.26,none,0.0,5.436,10.0,86.0,15.09,0.0,0
8111745e-4409-4397-8991-763681d9f7d0,b2c0c379-e146-4da5-86de-1fba2d2b24d1,Phoenix,Pittsburgh,1,33.306567,-112.215247,33.947728,-111.422794,102303.42,highway,21.14,none,0.0,3.204,10.0,17.0,19.75,0.0,0
50a10f6b-7925-4aae-beb2-58a5b443ad56,b2c0c379-e146-4da5-86de-1fba2d2b24d1,Phoenix,Pittsburgh,1,33.947728,-111.422794,34.875034,-110.162162,154935.42,highway,9.01,none,0.0,11.232,10.0,23.0,7.25,0.0,0
2675008e-8355-4963-97ea-ec12a10c442f,b2c0c379-e146-4da5-86de-1fba2d2b24d1,Phoenix,Pittsburgh,1,34.875034,-110.162162,35.006648,-106.023634,377489.12,highway,10.93,none,0.0,21.78,10.0,14.0,8.44,0.0,0
a77e934d-8e6d-4100-ab80-d8dd6d79c0a0,b2c0c379-e146-4da5-86de-1fba2d2b24d1,Phoenix,Pittsburgh,1,35.006648,-106.023634,37.258532,-100.585398,548711.23,highway,12.8,none,0.0,23.508,10.0,44.0,11.28,0.0,0
774f1b0c-4908-4809-8928-cfd5de6a413d,b2c0c379-e146-4da5-86de-1fba2d2b24d1,Phoenix,Pittsburgh,1,37.258532,-100.585398,38.225177,-96.42649,381122.85,arterial,9.29,none,0.0,19.944,10.0,78.0,6.5,0.0,0
23dcfbda-7761-409f-b2a2-2965afa1d898,b2c0c379-e146-4da5-86de-1fba2d2b24d1,Phoenix,Pittsburgh,1,38.225177,-96.42649,38.946394,-92.994626,308861.79,arterial,9.93,none,0.0,20.448,10.0,86.0,7.26,0.0,0
c97ba489-0fde-478a-b48a-a2eec3babc75,b2c0c379-e146-4da5-86de-1fba2d2b24d1,Phoenix,Pittsburgh,1,38.946394,-92.994626,38.840149,-89.496296,302974.33,arterial,11.63,none,0.0,7.632,10.0,94.0,11.3,0.0,0
ac2d30be-277e-4771-af75-194f119c15d8,b2c0c379-e146-4da5-86de-1fba2d2b24d1,Phoenix,Pittsburgh,1,38.840149,-89.496296,39.781426,-86.140753,307053.2,residential,14.31,none,0.0,10.944,10.0,97.0,14.33,0.0,0
b6587b0c-c832-4daf-adc0-ab530eaebbfe,b2c0c379-e146-4da5-86de-1fba2d2b24d1,Phoenix,Pittsburgh,1,39.781426,-86.140753,39.948753,-82.216204,335442.77,residential,13.94,none,0.0,9.252,10.0,86.0,13.64,0.0,0
357194b5-e917-46cc-ab40-5cc5031997af,b2c0c379-e146-4da5-86de-1fba2d2b24d1,Phoenix,Pittsburgh,1,39.948753,-82.216204,40.477986,-80.138068,186010.04,residential,13.8,none,0.0,7.848,10.0,88.0,13.53,0.0,0
13ddd357-3b4f-4257-badc-618f0bb26577,b2c0c379-e146-4da5-86de-1fba2d2b24d1,Phoenix,Pittsburgh,1,40.477986,-80.138068,40.477487,-80.138599,71.39,residential,15.26,none,0.0,5.436,10.0,86.0,15.09,0.0,0
7ce59cca-602d-47f1-bc89-4130aa0bcb99,7fb90fb6-6628-44b2-882a-2bc131456e8e,San Francisco,Denver,0,38.00625,-122.481605,38.349298,-121.989324,57503.39,highway,14.21,none,0.0,43.452,10.0,73.0,13.59,0.863,0
8ae41b27-da6d-44c7-9ee3-20b9bf50dd2d,7fb90fb6-6628-44b2-882a-2bc131456e8e,San Francisco,Denver,0,38.349298,-121.989324,39.230756,-120.760296,144749.69,highway,17.8,none,0.0,0.0,10.0,61.0,17.23,0.0,0
6d749d95-286c-4011-bdf6-8bf004fde280,7fb90fb6-6628-44b2-882a-2bc131456e8e,San Francisco,Denver,0,39.230756,-120.760296,39.40217,-120.022748,66249.79,highway,1.43,none,0.0,6.588,10.0,83.0,-0.58,7.125,0
eb4096d7-7eed-4be7-90d9-96d0175ae091,7fb90fb6-6628-44b2-882a-2bc131456e8e,San Francisco,Denver,0,39.40217,-120.022748,39.702577,-119.099203,85938.1,highway,11.47,none,0.0,22.212,10.0,47.0,9.9,0.0,0
153d5c20-16ed-4537-b2d4-c26002727648,7fb90fb6-6628-44b2-882a-2bc131456e8e,San Francisco,Denver,0,39.702577,-119.099203,40.658746,-116.258752,263675.95,arterial,11.49,none,0.0,5.508,10.0,33.0,9.56,0.0,0
18def09a-cd14-435f-8533-0c232e3c7112,7fb90fb6-6628-44b2-882a-2bc131456e8e,San Francisco,Denver,0,40.658746,-116.258752,40.722225,-112.157568,345822.63,arterial,9.73,none,0.0,7.416,10.0,37.0,8.83,0.0,0
cb8df643-bc6c-414d-9a43-41d13941f10a,7fb90fb6-6628-44b2-882a-2bc131456e8e,San Francisco,Denver,0,40.722225,-112.157568,41.262963,-110.903061,121246.85,arterial,3.3,none,0.0,2.232,10.0,54.0,3.3,0.0,0
09699feb-98da-49bd-98f7-2f7c36e37e60,7fb90fb6-6628-44b2-882a-2bc131456e8e,San Francisco,Denver,0,41.262963,-110.903061,41.751342,-106.507731,369967.12,residential,3.07,none,0.0,23.4,10.0,51.0,-1.77,0.0,0
1ab2af7b-4ea9-40e5-803a-26578cc0cdde,7fb90fb6-6628-44b2-882a-2bc131456e8e,San Francisco,Denver,0,41.751342,-106.507731,40.754961,-105.019462,166590.11,residential,2.11,none,0.0,11.124,10.0,69.0,-1.04,0.0,0
e8c2326f-84f8-4e45-a3ad-775b1f94fad5,7fb90fb6-6628-44b2-882a-2bc131456e8e,San Francisco,Denver,0,40.754961,-105.019462,39.570216,-104.691438,134654.02,residential,8.88,none,0.0,6.444,10.0,58.0,8.08,0.0,0
528a8191-ee7e-4816-904c-8060d9cdb721,7fb90fb6-6628-44b2-882a-2bc131456e8e,San Francisco,Denver,0,39.570216,-104.691438,39.570244,-104.691479,4.7,residential,6.4,none,0.0,19.296,10.0,63.0,2.93,0.0,0
80c412c4-014f-45ca-a73d-701dddbb0ccd,0d123d1b-e293-48a7-a2fe-f05616aafde1,San Francisco,Denver,1,38.00625,-122.481605,38.641907,-121.442953,114913.15,highway,16.79,none,0.0,5.544,10.0,65.0,16.22,0.0,0
2d0aeb76-b945-421c-b98a-6dd9ff4b0ab8,0d123d1b-e293-48a7-a2fe-f05616aafde1,San Francisco,Denver,1,38.641907,-121.442953,39.328763,-120.267854,127076.52,highway,9.96,none,0.0,7.416,10.0,89.0,9.1,0.0,0
c3267b5a-83cc-4554-9dda-453110424111,0d123d1b-e293-48a7-a2fe-f05616aafde1,San Francisco,Denver,1,39.328763,-120.267854,39.616671,-119.305607,88580.67,highway,10.68,none,0.0,22.212,10.0,51.0,9.14,0.0,0
03b0759f-e746-4ab7-b627-b4b5b90c9539,0d123d1b-e293-48a7-a2fe-f05616aafde1,San Francisco,Denver,1,39.616671,-119.305607,40.713618,-115.983454,307493.32,highway,11.25,none,0.0,4.428,10.0,33.0,9.29,0.0,0
f3cd9200-c34f-4256-bbd9-844072f49587,0d123d1b-e293-48a7-a2fe-f05616aafde1,San Francisco,Denver,1,40.713618,-115.983454,40.385532,-111.832307,352592.03,arterial,11.99,none,0.0,16.632,10.0,42.0,10.34,0.0,0
e557680d-100c-4288-a0cd-7aea5a0e4c99,0d123d1b-e293-48a7-a2fe-f05616aafde1,San Francisco,Denver,1,40.385532,-111.832307,39.768529,-110.907232,104412.13,arterial,5.13,none,0.0,3.132,10.0,58.0,5.13,0.0,0
992e6215-1175-49bc-8193-e1a2f2a14f08,0d123d1b-e293-48a7-a2fe-f05616aafde1,San Francisco,Denver,1,39.768529,-110.907232,39.115298,-108.561856,214092.41,arterial,3.46,none,0.0,7.74,10.0,44.0,1.41,0.0,0
baf14035-b946-4d77-9dc1-ee9e55faf095,0d123d1b-e293-48a7-a2fe-f05616aafde1,San Francisco,Denver,1,39.115298,-108.561856,39.676737,-106.779827,165360.89,residential,3.83,none,0.0,9.252,10.0,62.0,1.45,0.0,0
a0932a40-8fc7-4690-8bbe-c0e61d8c5c21,0d123d1b-e293-48a7-a2fe-f05616aafde1,San Francisco,Denver,1,39.676737,-106.779827,39.745447,-105.439621,114893.87,residential,1.22,none,0.0,1.656,10.0,85.0,1.22,7.8,0
1bb6b282-c8f1-4e37-b379-780b33e885f6,0d123d1b-e293-48a7-a2fe-f05616aafde1,San Francisco,Denver,1,39.745447,-105.439621,39.570178,-104.691387,66952.06,residential,9.46,none,0.0,14.472,10.0,54.0,7.33,0.0,0
625a5db6-1f56-434f-9096-c949921bdc75,0d123d1b-e293-48a7-a2fe-f05616aafde1,San Francisco,Denver,1,39.570178,-104.691387,39.570244,-104.691479,10.77,residential,6.4,none,0.0,19.296,10.0,63.0,2.93,0.0,0
5c1c31e7-a2b4-42cb-9eda-978dc80c2da7,397f2b71-7209-42d2-bbb8-a953d65f86d8,Las Vegas,Salt Lake City,0,35.935633,-115.42022,36.022307,-115.243575,18588.58,highway,19.09,none,0.0,9.252,10.0,16.0,17.47,0.0,0
a87b904d-3c86-49b7-8a32-fb5e389369f7,397f2b71-7209-42d2-bbb8-a953d65f86d8,Las Vegas,Salt Lake City,0,36.022307,-115.243575,36.267072,-115.066898,31502.74,highway,20.76,none,0.0,9.252,10.0,19.0,19.39,0.0,0
23e47d02-5522-4664-a1dd-f4f3063a50e9,397f2b71-7209-42d2-bbb8-a953d65f86d8,Las Vegas,Salt Lake City,0,36.267072,-115.066898,36.805381,-114.097995,105243.15,highway,14.26,none,0.0,6.012,10.0,23.0,12.34,0.0,0
55df6a8d-a31e-4b98-947a-68b088147d24,397f2b71-7209-42d2-bbb8-a953d65f86d8,Las Vegas,Salt Lake City,0,36.805381,-114.097995,37.085524,-113.581349,55482.98,highway,15.9,none,0.0,4.716,10.0,29.0,14.3,0.0,0
44a64281-6e9a-4aff-ad97-eea5c8712d12,397f2b71-7209-42d2-bbb8-a953d65f86d8,Las Vegas,Salt Lake City,0,37.085524,-113.581349,37.682037,-113.079669,79776.28,arterial,9.74,none,0.0,3.456,10.0,39.0,9.74,0.0,0
4501fbee-d328-4204-8d16-9d8333912dd0,397f2b71-7209-42d2-bbb8-a953d65f86d8,Las Vegas,Salt Lake City,0,37.682037,-113.079669,38.547148,-112.607871,104676.83,arterial,5.08,none,0.0,11.232,10.0,40.0,2.52,0.0,0
da4afc14-b13c-4fdf-bf1d-c9733a966b3c,397f2b71-7209-42d2-bbb8-a953d65f86d8,Las Vegas,Salt Lake City,0,38.547148,-112.607871,39.441404,-112.026045,111426.3,arterial,6.87,none,0.0,6.192,10.0,50.0,5.83,0.0,0
048c6bb0-b4e5-4a8b-9df5-0d14a6783403,397f2b71-7209-42d2-bbb8-a953d65f86d8,Las Vegas,Salt Lake City,0,39.441404,-112.026045,40.090978,-111.696934,77513.35,residential,6.53,none,0.0,7.38,10.0,57.0,5.1,0.0,0
611996d7-e1ea-4a4a-b591-b48f29a76e84,397f2b71-7209-42d2-bbb8-a953d65f86d8,Las Vegas,Salt Lake City,0,40.090978,-111.696934,40.372249,-111.804374,32578.65,residential,8.24,none,0.0,7.416,10.0,54.0,7.09,0.0,0
f2f419c0-2195-4520-aa28-2779ba01b824,397f2b71-7209-42d2-bbb8-a953d65f86d8,Las Vegas,Salt Lake City,0,40.372249,-111.804374,40.532842,-111.821111,17913.19,residential,5.98,none,0.0,9.648,10.0,58.0,3.92,0.0,0
b1be3a64-14fe-43c0-93d0-a028be3c3cc6,397f2b71-7209-42d2-bbb8-a953d65f86d8,Las Vegas,Salt Lake City,0,40.532842,-111.821111,40.532304,-111.821133,59.85,residential,6.12,none,0.0,9.648,10.0,59.0,4.09,0.0,0
34d57689-303f-457d-88a1-29f2f928d11d,28c95710-6668-4551-ab6c-8f748fc0969d,Toronto,Denver,0,43.710974,-79.45231,42.988436,-82.404279,251833.11,highway,9.63,none,0.0,1.944,10.0,80.0,9.63,0.0,0
0caaa5b4-6fa2-48af-8f7a-03ac525d5356,28c95710-6668-4551-ab6c-8f748fc0969d,Toronto,Denver,0,42.988436,-82.404279,42.841966,-84.201329,147243.3,highway,11.07,none,0.0,0.0,10.0,85.0,10.45,0.0,0
3c8268f6-5737-49d5-a31d-46e2dedeaa1c,28c95710-6668-4551-ab6c-8f748fc0969d,Toronto,Denver,0,42.841966,-84.201329,42.218752,-85.840095,151106.08,highway,8.87,none,0.0,3.708,10.0,87.0,8.87,0.0,0
46490c35-4c28-4514-99cc-ff87accb651b,28c95710-6668-4551-ab6c-8f748fc0969d,Toronto,Denver,0,42.218752,-85.840095,41.512661,-88.095108,202559.22,highway,10.16,none,0.0,10.116,10.0,80.0,9.32,0.0,0
6b8469ed-40fc-4981-a67c-3235aac96908,28c95710-6668-4551-ab6c-8f748fc0969d,Toronto,Denver,0,41.512661,-88.095108,41.44686,-90.55892,205373.96,arterial,13.81,none,0.0,15.516,10.0,70.0,13.07,0.0,0
8c25e172-63df-41b9-b9ce-17858d85cb94,28c95710-6668-4551-ab6c-8f748fc0969d,Toronto,Denver,0,41.44686,-90.55892,41.699848,-93.205577,221944.72,arterial,11.62,none,0.0,5.184,10.0,63.0,10.48,0.0,0
3e5ddccd-972d-4d56-a188-59fb1a74d54a,28c95710-6668-4551-ab6c-8f748fc0969d,Toronto,Denver,0,41.699848,-93.205577,41.300536,-95.771701,218261.15,arterial,8.63,none,0.0,15.66,10.0,70.0,6.15,0.0,0
ad9ddf13-0cbf-4b65-afa6-414261904e38,28c95710-6668-4551-ab6c-8f748fc0969d,Toronto,Denver,0,41.300536,-95.771701,40.82127,-97.821108,179896.13,residential,7.17,none,0.0,12.384,10.0,85.0,4.84,0.0,0
2aa2f3b6-bad5-4b3f-9430-e3c668d5375d,28c95710-6668-4551-ab6c-8f748fc0969d,Toronto,Denver,0,40.82127,-97.821108,41.104446,-101.481465,308935.11,residential,2.81,none,0.0,9.144,10.0,92.0,0.27,0.0,0
a0f74524-e05c-421f-870a-ed31e047547e,28c95710-6668-4551-ab6c-8f748fc0969d,Toronto,Denver,0,41.104446,-101.481465,39.797485,-105.006346,331743.61,residential,3.76,none,0.0,0.0,10.0,75.0,3.76,0.0,0
5faadd08-a7ba-4a25-b0b8-d17251367344,28c95710-6668-4551-ab6c-8f748fc0969d,Toronto,Denver,0,39.797485,-105.006346,39.796491,-105.009475,289.27,residential,9.05,none,0.0,27.36,10.0,58.0,5.55,0.0,0
9ee97edf-04aa-404f-80d2-133b2e2303b3,5e6d0239-659d-4ed6-abe0-d888ac859110,Toronto,Denver,1,43.710974,-79.45231,42.253442,-83.037483,333604.04,highway,11.18,none,0.0,5.976,10.0,80.0,10.44,0.0,0
8454b100-ecf5-4875-82ef-ffc7de5a528e,5e6d0239-659d-4ed6-abe0-d888ac859110,Toronto,Denver,1,42.253442,-83.037483,41.429096,-84.008974,121977.02,highway,9.61,none,0.0,3.708,10.0,90.0,9.61,0.0,0
d4003080-4cb5-4c97-8ca4-517c1d81aab9,5e6d0239-659d-4ed6-abe0-d888ac859110,Toronto,Denver,1,41.429096,-84.008974,40.017385,-85.765028,215723.0,highway,11.1,none,0.0,10.944,10.0,87.0,10.54,0.0,0
fecf171e-9413-4ec8-b397-a3ead072fba3,5e6d0239-659d-4ed6-abe0-d888ac859110,Toronto,Denver,1,40.017385,-85.765028,39.430825,-87.340375,149682.82,highway,13.02,none,0.0,11.196,10.0,89.0,12.7,0.0,0
f4bfc083-230c-4385-9fdc-7e9ad76127f7,5e6d0239-659d-4ed6-abe0-d888ac859110,Toronto,Denver,1,39.430825,-87.340375,38.78689,-89.691254,215096.2,arterial,14.65,none,0.0,0.0,10.0,87.0,14.44,0.0,0
eacd8696-412b-4cbd-89ee-0a97e828067b,5e6d0239-659d-4ed6-abe0-d888ac859110,Toronto,Denver,1,38.78689,-89.691254,38.914254,-91.733374,177403.65,arterial,13.07,none,0.0,4.824,10.0,93.0,12.86,0.0,0
9eb81a20-5bf1-48db-8611-670773026867,5e6d0239-659d-4ed6-abe0-d888ac859110,Toronto,Denver,1,38.914254,-91.733374,39.104503,-94.851759,270254.24,arterial,12.01,none,0.0,12.96,10.0,76.0,11.25,0.0,0
1937e20b-3683-4e74-acad-9224632b2c7a,5e6d0239-659d-4ed6-abe0-d888ac859110,Toronto,Denver,1,39.104503,-94.851759,38.927845,-97.391824,220318.81,residential,7.65,none,0.0,15.552,10.0,79.0,4.96,0.0,0
33cd2392-3409-4d7f-af6c-ee64663f8b4d,5e6d0239-659d-4ed6-abe0-d888ac859110,Toronto,Denver,1,38.927845,-97.391824,39.304651,-102.250302,421190.12,residential,3.99,none,0.0,10.26,10.0,84.0,1.41,0.0,0
fa21c593-ecc0-44f6-9ada-ccb96bdcc121,5e6d0239-659d-4ed6-abe0-d888ac859110,Toronto,Denver,1,39.304651,-102.250302,39.796479,-105.00738,242619.71,residential,8.55,none,0.0,18.288,10.0,63.0,5.74,0.0,0
1b3ee4f1-eade-417d-9963-b2d17736d057,5e6d0239-659d-4ed6-abe0-d888ac859110,Toronto,Denver,1,39.796479,-105.00738,39.796491,-105.009475,178.99,residential,9.05,none,0.0,27.36,10.0,58.0,5.55,0.0,0
98802537-f36f-4c5f-ae99-9ddf2aafd8ae,a5f1ead3-b0bc-4b81-b5db-4e028108b971,Nashville,Los Angeles,0,36.378849,-87.075824,35.740878,-88.576753,152429.06,highway,16.36,rain,2.73,12.096,10.0,97.0,16.58,5.46,0
e361cdad-dce5-4435-982a-0f95a3336a7c,a5f1ead3-b0bc-4b81-b5db-4e028108b971,Nashville,Los Angeles,0,35.740878,-88.576753,34.859212,-92.351276,356264.36,highway,21.01,none,0.0,11.124,0.556,94.0,21.62,6.66,0
2878a68f-06f3-4b2a-85f1-b542dfee8deb,a5f1ead3-b0bc-4b81-b5db-4e028108b971,Nashville,Los Angeles,0,34.859212,-92.351276,35.465994,-94.933846,244260.6,highway,15.59,none,0.0,11.088,10.0,90.0,15.55,0.0,0
e0d020d5-51cb-4b8a-9d15-b86cde36c0a5,a5f1ead3-b0bc-4b81-b5db-4e028108b971,Nashville,Los Angeles,0,35.465994,-94.933846,35.460977,-97.503503,232719.32,highway,14.65,none,0.0,20.628,10.0,87.0,14.44,0.0,0
0b18a35a-6b91-441e-bfac-6e581eefce8f,a5f1ead3-b0bc-4b81-b5db-4e028108b971,Nashville,Los Angeles,0,35.460977,-97.503503,35.201176,-100.794487,299923.39,arterial,14.1,none,0.0,22.212,10.0,58.0,13.08,0.0,0
a293773f-f4b2-4f56-a7f5-6bedf56dd1df,a5f1ead3-b0bc-4b81-b5db-4e028108b971,Nashville,Los Angeles,0,35.201176,-100.794487,34.970225,-104.868175,371527.26,arterial,15.55,none,0.0,9.648,10.0,27.0,13.87,0.0,0
d8dabf61-4468-4be8-9d12-386f39d4c6b7,a5f1ead3-b0bc-4b81-b5db-4e028108b971,Nashville,Los Angeles,0,34.970225,-104.868175,35.5278,-108.762791,359027.96,arterial,15.44,none,0.0,16.668,10.0,10.0,13.3,0.0,0
f732a099-7a77-4e3e-b19f-ec39755e4030,a5f1ead3-b0bc-4b81-b5db-4e028108b971,Nashville,Los Angeles,0,35.5278,-108.762791,35.225886,-112.238104,316852.52,residential,12.4,none,0.0,23.436,10.0,23.0,10.3,0.0,0
3172c295-b9f1-4caf-912d-b0579ee8ebfc,a5f1ead3-b0bc-4b81-b5db-4e028108b971,Nashville,Los Angeles,0,35.225886,-112.238104,34.720788,-115.685613,319084.3,residential,11.52,none,0.0,4.104,10.0,6.0,8.88,0.0,0
4aeb94bb-04ea-4117-9df8-e33a0eb3e459,a5f1ead3-b0bc-4b81-b5db-4e028108b971,Nashville,Los Angeles,0,34.720788,-115.685613,34.184604,-118.134687,232329.95,residential,12.38,none,0.0,8.784,10.0,64.0,11.34,0.0,0
64c47363-ac93-409d-abc0-97a7e8e699f8,5e6c334d-a05e-483b-bb97-5b2ecac3f3ce,Nashville,Los Angeles,1,36.378849,-87.075824,37.072406,-88.774849,169926.95,highway,17.04,rain,2.62,10.98,10.0,95.0,17.28,5.24,0
c1a21462-87dd-4ea8-9218-580a04527d82,5e6c334d-a05e-483b-bb97-5b2ecac3f3ce,Nashville,Los Angeles,1,37.072406,-88.774849,36.947244,-91.151945,211521.62,highway,17.85,rain,2.04,3.06,10.0,94.0,18.15,0.0,0
8c6093ef-b842-4a70-af12-ee9bfdb21f8f,5e6c334d-a05e-483b-bb97-5b2ecac3f3ce,Nashville,Los Angeles,1,36.947244,-91.151945,37.126271,-93.744387,230960.57,highway,12.89,none,0.0,23.4,10.0,96.0,12.74,0.0,0
28b45dea-c2e5-4731-8d4f-60d678b9dfd6,5e6c334d-a05e-483b-bb97-5b2ecac3f3ce,Nashville,Los Angeles,1,37.126271,-93.744387,36.240502,-96.945612,301955.91,highway,13.53,none,0.0,21.528,10.0,85.0,13.16,0.0,0
49efbf28-be6c-4d82-a331-fdad444b46fd,5e6c334d-a05e-483b-bb97-5b2ecac3f3ce,Nashville,Los Angeles,1,36.240502,-96.945612,36.616546,-101.02254,367111.75,arterial,12.29,none,0.0,21.924,10.0,62.0,11.19,0.0,0
2c96ab21-8843-41e3-885d-89a683822e38,5e6c334d-a05e-483b-bb97-5b2ecac3f3ce,Nashville,Los Angeles,1,36.616546,-101.02254,35.006222,-105.625461,451969.87,arterial,13.48,none,0.0,22.824,10.0,32.0,11.72,0.0,0
e2e1b744-757a-4fdb-a693-8b1e564a3360,5e6c334d-a05e-483b-bb97-5b2ecac3f3ce,Nashville,Los Angeles,1,35.006222,-105.625461,35.4979,-108.849379,297791.52,arterial,13.01,none,0.0,14.94,10.0,11.0,10.65,0.0,0
45f9b69f-911d-46f6-a20a-4560ee8cbdec,5e6c334d-a05e-483b-bb97-5b2ecac3f3ce,Nashville,Los Angeles,1,35.4979,-108.849379,35.220204,-112.287141,313259.45,residential,12.8,none,0.0,23.436,10.0,24.0,10.76,0.0,0
66d6da6c-2005-4987-a15b-24c53c0c2b28,5e6c334d-a05e-483b-bb97-5b2ecac3f3ce,Nashville,Los Angeles,1,35.220204,-112.287141,34.716815,-115.742454,319769.14,residential,15.68,none,0.0,4.212,10.0,6.0,13.46,0.0,0
744816c1-a9fe-4792-8695-2810c6945818,5e6c334d-a05e-483b-bb97-5b2ecac3f3ce,Nashville,Los Angeles,1,34.716815,-115.742454,34.18419,-118.133411,227086.2,residential,12.25,none,0.0,8.208,10.0,65.0,11.23,0.0,0
d3f24f92-4bdd-4213-ad9f-5b452fd9f5f0,5e6c334d-a05e-483b-bb97-5b2ecac3f3ce,Nashville,Los Angeles,1,34.18419,-118.133411,34.184604,-118.134687,126.08,residential,13.95,none,0.0,4.356,10.0,65.0,13.1,0.0,0
7ff7ca32-04eb-4e96-895d-9a6f4d4d197b,1955e601-53e1-4c44-b501-10df711903e5,Los Angeles,Nashville,0,34.213372,-118.339646,34.751932,-116.338049,192983.86,highway,14.89,none,0.0,3.204,10.0,47.0,13.66,0.0,0
5f1b7fbd-cab5-460d-a1a9-ca8748452c02,1955e601-53e1-4c44-b501-10df711903e5,Los Angeles,Nashville,0,34.751932,-116.338049,35.280656,-112.786291,328729.49,highway,23.0,none,0.0,0.0,10.0,23.0,21.96,0.0,0
92e633c9-5af3-4051-81c2-f92ea6c98ac8,1955e601-53e1-4c44-b501-10df711903e5,Los Angeles,Nashville,0,35.280656,-112.786291,35.282711,-109.215616,324095.95,highway,13.27,none,0.0,28.584,10.0,29.0,11.41,0.0,0
388fba53-0120-4f84-981f-1fbb34814f95,1955e601-53e1-4c44-b501-10df711903e5,Los Angeles,Nashville,0,35.282711,-109.215616,35.112987,-106.316491,264093.94,highway,8.96,none,0.0,7.416,10.0,12.0,7.93,0.0,0
dc4ed269-0d8d-4fbc-8729-c50f31aa72b3,1955e601-53e1-4c44-b501-10df711903e5,Los Angeles,Nashville,0,35.112987,-106.316491,35.192676,-101.734675,416613.63,arterial,15.96,none,0.0,1.944,10.0,26.0,14.29,0.0,0
06a082e4-cf0b-4272-8f04-7385ec5cf035,1955e601-53e1-4c44-b501-10df711903e5,Los Angeles,Nashville,0,35.192676,-101.734675,35.529591,-98.156299,326630.11,arterial,13.55,none,0.0,21.708,10.0,57.0,12.45,0.0,0
51b59b68-5dab-4423-a377-6cadaf617868,1955e601-53e1-4c44-b501-10df711903e5,Los Angeles,Nashville,0,35.529591,-98.156299,35.456829,-95.579937,233379.83,arterial,14.15,none,0.0,17.136,10.0,84.0,13.81,0.0,0
de13ab9f-7836-4da8-90da-7e789c8d9055,1955e601-53e1-4c44-b501-10df711903e5,Los Angeles,Nashville,0,35.456829,-95.579937,35.273995,-93.076553,227901.52,residential,18.52,none,0.0,14.832,10.0,82.0,18.57,0.0,0
9f70d518-f2b1-44f5-ab94-8c6722ab2ab3,1955e601-53e1-4c44-b501-10df711903e5,Los Angeles,Nashville,0,35.273995,-93.076553,35.153055,-90.053802,274926.95,residential,18.02,none,0.0,0.0,10.0,100.0,18.49,0.0,0
16be4d28-1feb-4cd5-81de-9f46c7b88ca1,1955e601-53e1-4c44-b501-10df711903e5,Los Angeles,Nashville,0,35.153055,-90.053802,36.039386,-86.988765,294117.07,residential,17.71,rain,9.72,17.496,10.0,96.0,18.04,15.552,0
e4afdc98-e4d4-42c0-a574-dc0f4544761d,1955e601-53e1-4c44-b501-10df711903e5,Los Angeles,Nashville,0,36.039386,-86.988765,36.038643,-86.988134,100.22,residential,17.96,rain,3.76,5.544,10.0,95.0,18.29,6.016,0
6722a5e5-6ce0-479e-9c91-635c03568e39,4b84c16b-25b8-4729-9065-c40138000e86,Los Angeles,Nashville,1,34.213372,-118.339646,33.851632,-116.462525,177587.93,highway,16.28,none,0.0,16.668,10.0,54.0,15.37,0.0,0
a64d5c5c-3f7d-4a98-a217-62b08185969c,4b84c16b-25b8-4729-9065-c40138000e86,Los Angeles,Nashville,1,33.851632,-116.462525,33.375276,-112.189778,399164.87,highway,18.02,none,0.0,7.416,10.0,18.0,16.35,0.0,0
1d9d7e0d-b24f-4687-95f2-7225ca9f7f46,4b84c16b-25b8-4729-9065-c40138000e86,Los Angeles,Nashville,1,33.375276,-112.189778,32.308051,-109.795851,253170.78,highway,19.45,none,0.0,6.588,10.0,15.0,17.84,0.0,0
a28a4866-24dc-4fd1-9685-485ca39d034a,4b84c16b-25b8-4729-9065-c40138000e86,Los Angeles,Nashville,1,32.308051,-109.795851,31.474022,-106.063442,364354.83,highway,18.88,none,0.0,23.112,10.0,13.0,17.16,0.0,0
6d78ee6e-027f-42b1-9458-7be91d22d361,4b84c16b-25b8-4729-9065-c40138000e86,Los Angeles,Nashville,1,31.474022,-106.063442,31.922027,-102.194869,369351.2,arterial,27.82,none,0.0,11.448,10.0,9.0,26.47,0.0,0
7acfbb32-2640-40ad-8683-ef4a2a574cd0,4b84c16b-25b8-4729-9065-c40138000e86,Los Angeles,Nashville,1,31.922027,-102.194869,32.372409,-99.185286,287724.1,arterial,25.07,none,0.0,19.908,10.0,59.0,25.17,0.0,0
8f233607-3f87-401b-9b37-ecf019a2beda,4b84c16b-25b8-4729-9065-c40138000e86,Los Angeles,Nashville,1,32.372409,-99.185286,32.792422,-96.727982,234919.62,arterial,20.3,none,0.0,25.38,10.0,94.0,20.84,0.0,0
670c0809-3311-4228-935f-b1921fd9a321,4b84c16b-25b8-4729-9065-c40138000e86,Los Angeles,Nashville,1,32.792422,-96.727982,33.655161,-93.657432,301283.07,residential,22.92,none,0.0,15.336,10.0,91.0,23.64,0.0,0
a2281dba-2946-4fc5-8da4-fa6d7b887112,4b84c16b-25b8-4729-9065-c40138000e86,Los Angeles,Nashville,1,33.655161,-93.657432,35.153751,-90.246658,354487.65,residential,23.55,none,0.0,22.788,10.0,87.0,24.23,0.0,0
674883f0-5d7e-433a-877e-3779091c16bb,4b84c16b-25b8-4729-9065-c40138000e86,Los Angeles,Nashville,1,35.153751,-90.246658,36.04076,-86.988802,310615.95,residential,19.39,rain,12.96,18.576,10.0,96.0,19.89,16.0,0
f5e3a7e2-1ad4-4217-9836-dde09895c20e,4b84c16b-25b8-4729-9065-c40138000e86,Los Angeles,Nashville,1,36.04076,-86.988802,36.038643,-86.988134,242.94,residential,17.96,rain,3.76,5.544,10.0,95.0,18.29,6.016,0
dbf37b93-86a3-4d58-af19-4a6536282df6,942c4923-36b9-45dd-bfb0-ae93d1ee427e,Boston,Vancouver,0,42.585617,-71.199709,42.3906,-73.475025,187819.41,highway,7.02,none,0.0,5.544,10.0,57.0,6.2,0.0,0
882d4261-2348-4905-9e03-6aa03655dbe6,942c4923-36b9-45dd-bfb0-ae93d1ee427e,Boston,Vancouver,0,42.3906,-73.475025,43.009386,-78.398485,408117.18,highway,10.04,none,0.0,13.176,10.0,79.0,9.16,0.0,0
c5afe3ff-1690-4aa8-8bbb-3e60d3bc8dc7,942c4923-36b9-45dd-bfb0-ae93d1ee427e,Boston,Vancouver,0,43.009386,-78.398485,41.557044,-83.557743,454015.08,highway,13.01,none,0.0,9.756,10.0,86.0,12.61,0.0,0
02e9588f-4248-4b83-8832-e322ba75de1b,942c4923-36b9-45dd-bfb0-ae93d1ee427e,Boston,Vancouver,0,41.557044,-83.557743,42.233214,-88.898557,448328.45,highway,9.89,none,0.0,4.572,10.0,92.0,9.89,0.0,0
ba6993d3-e94f-4cf9-bd90-754d79ad53ab,942c4923-36b9-45dd-bfb0-ae93d1ee427e,Boston,Vancouver,0,42.233214,-88.898557,45.066718,-93.193938,467534.25,arterial,10.47,none,0.0,16.668,10.0,53.0,8.96,0.0,0
d45a30ed-6dd6-4daf-b411-b58061fd2915,942c4923-36b9-45dd-bfb0-ae93d1ee427e,Boston,Vancouver,0,45.066718,-93.193938,46.872032,-99.82534,550200.01,arterial,5.03,none,0.0,9.36,10.0,67.0,2.85,0.0,0
5481e646-061b-4892-980f-4efda9bc0787,942c4923-36b9-45dd-bfb0-ae93d1ee427e,Boston,Vancouver,0,46.872032,-99.82534,45.749759,-108.566772,682524.43,arterial,-0.16,none,0.0,7.416,10.0,86.0,-2.72,22.5,0
c44cea99-cbd4-41e6-bed4-e5357df1dad1,942c4923-36b9-45dd-bfb0-ae93d1ee427e,Boston,Vancouver,0,45.749759,-108.566772,47.388852,-115.405756,553429.8,residential,6.89,none,0.0,17.712,10.0,58.0,3.74,0.0,0
f12c78d0-a98e-4cb9-88c8-ac80292ef777,942c4923-36b9-45dd-bfb0-ae93d1ee427e,Boston,Vancouver,0,47.388852,-115.405756,46.981048,-120.560224,392089.28,residential,10.26,none,0.0,10.836,10.0,73.0,9.25,0.0,0
b9bfb5cb-b592-4adf-84ca-3d6ab2347f48,942c4923-36b9-45dd-bfb0-ae93d1ee427e,Boston,Vancouver,0,46.981048,-120.560224,49.267566,-123.261083,323730.51,residential,9.72,none,0.0,3.816,10.0,83.0,9.72,0.0,0
1ba79a60-5dba-4c15-ad7a-132bfe954e1d,942c4923-36b9-45dd-bfb0-ae93d1ee427e,Boston,Vancouver,0,49.267566,-123.261083,49.267513,-123.261168,8.53,residential,10.31,none,0.0,3.204,10.0,90.0,9.75,0.0,0
bfbf03d2-4a64-4150-a5b5-313b660657fc,7ffd990d-b6fe-4900-ba06-51c42f3f335b,Boston,Vancouver,1,42.585617,-71.199709,42.342141,-73.393527,181976.03,highway,7.77,none,0.0,5.544,10.0,58.0,7.06,0.0,0
c1e8710a-b86d-44e1-ad4f-82ab4838f992,7ffd990d-b6fe-4900-ba06-51c42f3f335b,Boston,Vancouver,1,42.342141,-73.393527,42.967985,-77.056866,307528.73,highway,10.22,none,0.0,13.788,10.0,66.0,9.02,0.0,0
754cb215-4197-488e-bc99-eb9ee4d159a3,7ffd990d-b6fe-4900-ba06-51c42f3f335b,Boston,Vancouver,1,42.967985,-77.056866,41.386793,-82.079211,449559.29,highway,11.83,none,0.0,6.696,10.0,86.0,11.31,0.0,0
8b52cbf7-2d7b-4542-99d8-b944f61ac52e,7ffd990d-b6fe-4900-ba06-51c42f3f335b,Boston,Vancouver,1,41.386793,-82.079211,41.552277,-87.906384,485771.9,highway,11.22,none,0.0,0.0,10.0,91.0,10.77,0.0,0
73ccab36-6db3-4d49-9b68-1d5938c60bd4,7ffd990d-b6fe-4900-ba06-51c42f3f335b,Boston,Vancouver,1,41.552277,-87.906384,41.496702,-94.741262,568878.97,arterial,11.72,none,0.0,6.336,10.0,60.0,10.51,0.0,0
155b6a4f-4626-4f6c-87e4-a59c6654fa9a,7ffd990d-b6fe-4900-ba06-51c42f3f335b,Boston,Vancouver,1,41.496702,-94.741262,41.078317,-101.913286,600871.19,arterial,5.65,none,0.0,9.108,10.0,90.0,3.65,0.0,0
ed5bae5a-e4bb-4ca6-a849-94f85f569fdb,7ffd990d-b6fe-4900-ba06-51c42f3f335b,Boston,Vancouver,1,41.078317,-101.913286,41.008558,-111.47912,801869.38,arterial,-2.3,none,0.0,8.82,10.0,78.0,-5.69,0.0,0
a2d22e5b-e51e-4244-8d93-ae064e5bda59,7ffd990d-b6fe-4900-ba06-51c42f3f335b,Boston,Vancouver,1,41.008558,-111.47912,43.958206,-116.897482,552066.69,residential,5.2,none,0.0,7.848,10.0,59.0,3.42,0.0,0
2915e7b7-a493-4a65-ab1c-9a228aceea97,7ffd990d-b6fe-4900-ba06-51c42f3f335b,Boston,Vancouver,1,43.958206,-116.897482,47.1824,-121.038531,481974.35,residential,10.61,none,0.0,14.832,10.0,53.0,9.11,0.0,0
dfe34ab4-5325-4fae-8e34-a97f09571cc2,7ffd990d-b6fe-4900-ba06-51c42f3f335b,Boston,Vancouver,1,47.1824,-121.038531,49.267513,-123.261168,284341.24,residential,9.78,none,0.0,0.0,10.0,87.0,9.78,0.0,0
1718096b-5e0b-4a4c-93e6-640d524aa075,2f477848-15c9-4e28-84e4-d4a661e81514,Washington,Portland,0,38.786365,-76.953382,40.010092,-78.409969,184873.73,highway,11.97,none,0.0,8.064,10.0,89.0,11.55,0.0,0
a646c8e8-586f-4307-958d-5cc6edef2bf3,2f477848-15c9-4e28-84e4-d4a661e81514,Washington,Portland,0,40.010092,-78.409969,41.024528,-80.722585,225686.45,highway,15.65,none,0.0,2.844,10.0,88.0,15.57,0.0,0
da2080d6-46b8-4247-8677-eb91b9110905,2f477848-15c9-4e28-84e4-d4a661e81514,Washington,Portland,0,41.024528,-80.722585,41.753795,-85.435088,401348.65,highway,11.72,none,0.0,6.948,10.0,85.0,11.17,0.0,0
8b011427-5a3a-40f0-ab3c-fe8921067e00,2f477848-15c9-4e28-84e4-d4a661e81514,Washington,Portland,0,41.753795,-85.435088,41.441118,-90.354766,410511.87,highway,13.05,none,0.0,0.0,10.0,86.0,12.66,0.0,0
594e993e-8d67-41c9-a25b-a800af42d473,2f477848-15c9-4e28-84e4-d4a661e81514,Washington,Portland,0,41.441118,-90.354766,41.343774,-95.7213,447725.93,arterial,10.14,none,0.0,14.832,10.0,66.0,8.93,0.0,0
f968e413-cade-4afd-b02e-49f99d17c02a,2f477848-15c9-4e28-84e4-d4a661e81514,Washington,Portland,0,41.343774,-95.7213,41.077955,-101.919099,519181.78,arterial,4.78,none,0.0,6.804,10.0,92.0,3.23,0.0,0
8945a9c5-b8d5-4859-8752-654ceca20450,2f477848-15c9-4e28-84e4-d4a661e81514,Washington,Portland,0,41.077955,-101.919099,41.357074,-110.337822,704567.88,arterial,-0.46,none,0.0,13.14,10.0,85.0,-4.59,22.5,0
52db9a8a-d34b-469d-9e9e-d242789f3214,2f477848-15c9-4e28-84e4-d4a661e81514,Washington,Portland,0,41.357074,-110.337822,42.94031,-115.078005,428522.62,residential,7.12,none,0.0,1.44,10.0,44.0,7.12,0.0,0
ac7f67ad-406f-47dc-9a84-76d374ddf9d1,2f477848-15c9-4e28-84e4-d4a661e81514,Washington,Portland,0,42.94031,-115.078005,45.582164,-118.583616,405171.32,residential,11.01,none,0.0,3.204,10.0,59.0,9.71,0.0,0
b3d7ac74-73b7-4402-87bf-77d185d2e6b2,2f477848-15c9-4e28-84e4-d4a661e81514,Washington,Portland,0,45.582164,-118.583616,45.582638,-122.885629,334757.21,residential,9.58,none,0.0,11.268,10.0,59.0,7.93,0.0,0
2cb24512-904a-4577-af29-69056c3dfac2,8846dc28-61c9-47c5-bcbf-fa7d1d726b07,Washington,Portland,1,38.786365,-76.953382,40.007485,-78.683889,201357.77,highway,12.14,none,0.0,4.824,10.0,91.0,11.79,0.0,0
7ae98884-e83f-4a33-afbd-ebd50239a393,8846dc28-61c9-47c5-bcbf-fa7d1d726b07,Washington,Portland,1,40.007485,-78.683889,41.274321,-81.631555,285808.05,highway,15.09,none,0.0,3.204,10.0,87.0,14.93,0.0,0
f081bae1-3e5d-4b17-9320-2ebe83fd8646,8846dc28-61c9-47c5-bcbf-fa7d1d726b07,Washington,Portland,1,41.274321,-81.631555,41.580256,-87.173139,463191.52,highway,11.02,none,0.0,0.0,10.0,87.0,10.45,0.0,0
a7f8d2c5-aeab-4019-a719-77f83ce57b6d,8846dc28-61c9-47c5-bcbf-fa7d1d726b07,Washington,Portland,1,41.580256,-87.173139,43.869121,-90.122752,350421.93,highway,12.77,rain,0.34,8.208,10.0,63.0,11.75,0.0,0
7008e260-3d6f-47c7-9b29-7b3a933c4005,8846dc28-61c9-47c5-bcbf-fa7d1d726b07,Washington,Portland,1,43.869121,-90.122752,45.618581,-94.547046,399835.8,arterial,8.21,none,0.0,14.724,10.0,56.0,5.76,0.0,0
0d69dd21-2b56-487c-aafe-009669102061,8846dc28-61c9-47c5-bcbf-fa7d1d726b07,Washington,Portland,1,45.618581,-94.547046,46.863245,-102.066647,594371.21,arterial,3.84,none,0.0,0.0,10.0,60.0,3.84,0.0,0
08cf8237-654b-401d-ae64-99a8df388aa0,8846dc28-61c9-47c5-bcbf-fa7d1d726b07,Washington,Portland,1,46.863245,-102.066647,45.705207,-109.541601,588418.6,arterial,6.13,none,0.0,11.124,10.0,75.0,3.8,0.0,0
99ba467d-1e59-4c7c-8c19-fc2fe6f4e4f4,8846dc28-61c9-47c5-bcbf-fa7d1d726b07,Washington,Portland,1,45.705207,-109.541601,47.35035,-115.291147,476227.34,residential,1.89,none,0.0,1.62,10.0,82.0,1.89,1.1,0
b1f1c741-5a66-4aa7-9c68-ab602ebfc295,8846dc28-61c9-47c5-bcbf-fa7d1d726b07,Washington,Portland,1,47.35035,-115.291147,46.899012,-118.614364,256365.11,residential,7.36,none,0.0,4.572,10.0,69.0,7.36,0.0,0
0799348c-2b3d-4fbe-8aa7-6ba80c956eef,8846dc28-61c9-47c5-bcbf-fa7d1d726b07,Washington,Portland,1,46.899012,-118.614364,45.582936,-122.884764,359481.53,residential,4.81,none,0.0,13.32,10.0,62.0,1.81,0.0,0
b476cff0-c1e5-4efd-8574-982ec124e364,8846dc28-61c9-47c5-bcbf-fa7d1d726b07,Washington,Portland,1,45.582936,-122.884764,45.582638,-122.885629,75.03,residential,10.86,none,0.0,11.124,10.0,70.0,9.83,0.0,0
94bd8f02-577c-4595-ae39-aeb72f34683d,c0b81375-8c17-406d-96d5-4001e7c8359b,Chicago,Los Angeles,0,42.059241,-87.670228,41.566778,-90.353414,229004.59,highway,11.86,none,0.0,5.544,10.0,62.0,10.72,0.0,0
971124e1-2408-4c8e-a732-eb4995483532,c0b81375-8c17-406d-96d5-4001e7c8359b,Chicago,Los Angeles,0,41.566778,-90.353414,41.496534,-94.778952,368421.39,highway,10.24,none,0.0,9.72,10.0,64.0,8.99,0.0,0
f7afa77c-e03d-4aba-b49d-baf28acab825,c0b81375-8c17-406d-96d5-4001e7c8359b,Chicago,Los Angeles,0,41.496534,-94.778952,40.822079,-98.054781,284290.6,highway,8.19,none,0.0,17.712,10.0,89.0,5.36,0.0,0
b685990f-d8d6-496d-8d01-07820d189125,c0b81375-8c17-406d-96d5-4001e7c8359b,Chicago,Los Angeles,0,40.822079,-98.054781,40.202181,-104.254833,528537.84,highway,4.6,none,0.0,10.62,10.0,89.0,2.06,0.0,0
57aa382d-c1d9-438c-9c2d-1de979b8ba7e,c0b81375-8c17-406d-96d5-4001e7c8359b,Chicago,Los Angeles,0,40.202181,-104.254833,39.701474,-105.863111,147961.65,arterial,8.51,rain,0.24,18.504,10.0,61.0,5.67,0.0,0
7a37a493-def3-4d54-a95f-464e74198ed3,c0b81375-8c17-406d-96d5-4001e7c8359b,Chicago,Los Angeles,0,39.701474,-105.863111,39.584996,-107.198276,115051.93,arterial,4.6,none,0.0,4.824,10.0,61.0,3.71,0.0,0
bff7e3de-8334-4b12-8ef7-2dc5209d68b5,c0b81375-8c17-406d-96d5-4001e7c8359b,Chicago,Los Angeles,0,39.584996,-107.198276,38.930736,-109.874061,241584.2,arterial,6.49,none,0.0,14.832,10.0,34.0,3.63,0.0,0
10df2f30-f2a7-4b44-9702-1a15d00aa166,c0b81375-8c17-406d-96d5-4001e7c8359b,Chicago,Los Angeles,0,38.930736,-109.874061,38.573904,-112.462151,227901.81,residential,6.17,none,0.0,15.732,10.0,42.0,3.1,0.0,0
2d48b700-307a-4d4d-8fe3-1c2ee8f717fa,c0b81375-8c17-406d-96d5-4001e7c8359b,Chicago,Los Angeles,0,38.573904,-112.462151,36.123853,-115.180827,363241.34,residential,12.25,none,0.0,4.68,10.0,40.0,10.57,0.0,0
7c132809-4d68-49f9-9679-525b5f1daf55,c0b81375-8c17-406d-96d5-4001e7c8359b,Chicago,Los Angeles,0,36.123853,-115.180827,34.297802,-118.17629,339509.19,residential,11.91,none,0.0,12.564,10.0,46.0,10.36,0.0,0
956a94d3-6d7b-4820-af04-76f3a5bd4c60,c0b81375-8c17-406d-96d5-4001e7c8359b,Chicago,Los Angeles,0,34.297802,-118.17629,34.29675,-118.17794,191.46,residential,11.13,none,0.0,5.544,10.0,65.0,10.0,0.0,0
eca5d600-9981-427e-8af9-0321fafea5f7,a1fd8c4c-00e3-405f-baf0-bfeff8249138,Chicago,Los Angeles,1,42.059241,-87.670228,40.306196,-89.174633,232042.33,highway,12.75,none,0.0,10.584,10.0,85.0,12.3,0.0,0
1b186c35-fb57-4e10-9d87-b5e5b6baee3f,a1fd8c4c-00e3-405f-baf0-bfeff8249138,Chicago,Los Angeles,1,40.306196,-89.174633,39.780571,-93.108079,339871.27,highway,13.18,none,0.0,18.504,10.0,67.0,12.3,0.0,0
d05fc316-7612-4411-becd-687d925164cc,a1fd8c4c-00e3-405f-baf0-bfeff8249138,Chicago,Los Angeles,1,39.780571,-93.108079,39.058823,-96.170666,275027.55,highway,9.35,none,0.0,14.76,10.0,71.0,7.16,0.0,0
d7cdf173-2530-4394-b056-107d32f1b398,a1fd8c4c-00e3-405f-baf0-bfeff8249138,Chicago,Los Angeles,1,39.058823,-96.170666,39.293428,-102.446478,541489.43,highway,7.23,none,0.0,9.468,10.0,83.0,5.44,0.0,0
7d7d4e6a-b1d2-4577-bf0b-b566d3483373,a1fd8c4c-00e3-405f-baf0-bfeff8249138,Chicago,Los Angeles,1,39.293428,-102.446478,39.743776,-105.44378,261919.62,arterial,8.53,none,0.0,8.532,10.0,63.0,7.18,0.0,0
c52308de-c561-4ef0-9a94-9d0f5b9fef27,a1fd8c4c-00e3-405f-baf0-bfeff8249138,Chicago,Los Angeles,1,39.743776,-105.44378,39.68226,-106.651475,103528.26,arterial,-5.29,none,0.0,2.952,10.0,87.0,-5.29,22.5,0
213f7722-422e-4aa3-ac9c-0670c57c7018,a1fd8c4c-00e3-405f-baf0-bfeff8249138,Chicago,Los Angeles,1,39.68226,-106.651475,39.161655,-108.765616,190596.08,arterial,5.14,none,0.0,9.252,10.0,62.0,3.01,0.0,0
a3fd22e8-3af1-4c0e-99af-38067d5b016f,a1fd8c4c-00e3-405f-baf0-bfeff8249138,Chicago,Los Angeles,1,39.161655,-108.765616,38.689368,-112.151913,297584.83,residential,11.49,none,0.0,13.068,10.0,35.0,9.61,0.0,0
39c5f705-6453-451f-bd42-4f3fc931e6ac,a1fd8c4c-00e3-405f-baf0-bfeff8249138,Chicago,Los Angeles,1,38.689368,-112.151913,36.180092,-115.146207,384331.21,residential,11.56,none,0.0,4.5,10.0,42.0,9.87,0.0,0
a45e2818-b284-4560-bc37-2766cd444a71,a1fd8c4c-00e3-405f-baf0-bfeff8249138,Chicago,Los Angeles,1,36.180092,-115.146207,34.29675,-118.17794,345897.59,residential,13.16,none,0.0,11.988,10.0,44.0,11.68,0.0,0
3786655d-687d-4098-bded-281d1d728faf,1c3304a9-2e88-49a8-ad5a-d5625fc76b7e,Salt Lake City,Boston,0,40.527916,-111.973122,41.786237,-107.181879,424750.84,highway,3.78,none,0.0,12.96,10.0,56.0,0.61,0.0,0
0edbbe81-1262-431f-95ee-23f2e9188046,1c3304a9-2e88-49a8-ad5a-d5625fc76b7e,Salt Lake City,Boston,0,41.786237,-107.181879,40.776445,-99.838449,623604.51,highway,1.32,none,0.0,9.252,10.0,86.0,-1.53,8.5,0
40ebfc85-34da-4540-9bd3-5460fca964af,1c3304a9-2e88-49a8-ad5a-d5625fc76b7e,Salt Lake City,Boston,0,40.776445,-99.838449,41.497375,-94.875433,423225.4,highway,6.5,none,0.0,10.98,10.0,88.0,4.27,0.0,0
7a3994fc-f058-4f58-8d31-64ac8cf37bfd,1c3304a9-2e88-49a8-ad5a-d5625fc76b7e,Salt Lake City,Boston,0,41.497375,-94.875433,41.386836,-89.530111,445655.04,highway,10.26,none,0.0,5.472,10.0,65.0,9.04,0.0,0
d7db98c6-d620-4878-b749-ee63e145b59b,1c3304a9-2e88-49a8-ad5a-d5625fc76b7e,Salt Lake City,Boston,0,41.386836,-89.530111,41.745348,-85.327042,351903.3,arterial,12.9,none,0.0,0.0,10.0,81.0,12.36,0.0,0
7cc016ae-3f11-4c35-8671-5fed03307539,1c3304a9-2e88-49a8-ad5a-d5625fc76b7e,Salt Lake City,Boston,0,41.745348,-85.327042,41.603249,-81.499338,318278.1,arterial,10.44,none,0.0,0.0,10.0,88.0,9.84,0.0,0
8b93e25a-44f4-42f6-84c6-d27a0d0515c1,1c3304a9-2e88-49a8-ad5a-d5625fc76b7e,Salt Lake City,Boston,0,41.603249,-81.499338,42.959749,-76.945489,403788.66,arterial,12.03,none,0.0,9.252,10.0,100.0,11.9,0.0,0
4ea80f1c-3de1-4c36-9a21-4dec0d27e049,1c3304a9-2e88-49a8-ad5a-d5625fc76b7e,Salt Lake City,Boston,0,42.959749,-76.945489,42.519524,-73.79245,262092.54,residential,10.44,none,0.0,17.604,10.0,74.0,9.47,0.0,0
d5a4e741-5038-42b8-81c2-dbb548d75b67,1c3304a9-2e88-49a8-ad5a-d5625fc76b7e,Salt Lake City,Boston,0,42.519524,-73.79245,42.133184,-72.113909,144520.17,residential,6.74,none,0.0,4.248,10.0,52.0,6.74,0.0,0
0a9bfdf5-2989-4817-9825-d71970098353,1c3304a9-2e88-49a8-ad5a-d5625fc76b7e,Salt Lake City,Boston,0,42.133184,-72.113909,42.650488,-70.874235,116930.56,residential,7.22,none,0.0,9.252,10.0,75.0,5.48,0.0,0
5d15a559-75c1-4749-b2c4-95d17b50137b,1c3304a9-2e88-49a8-ad5a-d5625fc76b7e,Salt Lake City,Boston,0,42.650488,-70.874235,42.651172,-70.875008,98.9,residential,7.39,none,0.0,11.124,10.0,78.0,5.32,0.0,0
ffc1a6c0-8768-4755-885d-0600be6b2da3,e47f0502-924f-4e4d-88f6-9c93c9778416,Salt Lake City,Boston,1,40.527916,-111.973122,41.782294,-107.143637,427642.14,highway,4.14,none,0.0,12.492,10.0,56.0,1.14,0.0,0
c0cf747f-9865-49e7-8a2b-f39ff6c02e53,e47f0502-924f-4e4d-88f6-9c93c9778416,Salt Lake City,Boston,1,41.782294,-107.143637,40.749825,-99.775411,626238.88,highway,1.48,none,0.0,10.188,10.0,83.0,-1.58,6.5,0
3645c81b-acd8-4454-9ec3-20082edf3037,e47f0502-924f-4e4d-88f6-9c93c9778416,Salt Lake City,Boston,1,40.749825,-99.775411,39.748106,-94.790958,437373.36,highway,6.03,none,0.0,15.264,10.0,87.0,3.0,0.0,0
abfddc0f-2db9-465f-92a1-3aa7d852cc36,e47f0502-924f-4e4d-88f6-9c93c9778416,Salt Lake City,Boston,1,39.748106,-94.790958,39.837734,-89.507222,451476.28,highway,12.26,none,0.0,3.204,10.0,67.0,11.29,0.0,0
f999976d-023c-4258-af73-71cf67a23a14,e47f0502-924f-4e4d-88f6-9c93c9778416,Salt Lake City,Boston,1,39.837734,-89.507222,39.834552,-84.71537,409100.2,arterial,12.04,none,0.0,5.76,10.0,92.0,11.7,0.0,0
7eebc19e-8739-427b-ae63-4e0042a55fdf,e47f0502-924f-4e4d-88f6-9c93c9778416,Salt Lake City,Boston,1,39.834552,-84.71537,41.441339,-81.49501,325170.53,arterial,12.38,none,0.0,0.0,10.0,88.0,11.97,0.0,0
33a93f54-f343-4d1f-a9f6-86bbcdd9625f,e47f0502-924f-4e4d-88f6-9c93c9778416,Salt Lake City,Boston,1,41.441339,-81.49501,42.954757,-76.981775,408022.59,arterial,12.3,none,0.0,9.252,10.0,98.0,12.14,0.0,0
4fd6337f-5aba-47bc-8559-901280f0cda2,e47f0502-924f-4e4d-88f6-9c93c9778416,Salt Lake City,Boston,1,42.954757,-76.981775,42.521545,-73.791948,264907.36,residential,10.29,none,0.0,17.388,10.0,74.0,9.31,0.0,0
661b0d46-d415-429b-b923-bb5415fe3b04,e47f0502-924f-4e4d-88f6-9c93c9778416,Salt Lake City,Boston,1,42.521545,-73.791948,42.133349,-72.117251,144277.81,residential,6.74,none,0.0,4.248,10.0,52.0,6.74,0.0,0
6e7560f7-b985-4087-a36c-6329ad5f78f2,e47f0502-924f-4e4d-88f6-9c93c9778416,Salt Lake City,Boston,1,42.133349,-72.117251,42.651172,-70.875008,117142.03,residential,7.22,none,0.0,9.252,10.0,75.0,5.48,0.0,0
9144bc6a-3857-4ed9-8f0d-8cd8ed67a685,455a37ee-bce1-4dbc-a85c-0aa2a9b53dcb,Columbus,New York,0,39.804853,-82.95685,39.94773,-81.97966,84887.37,highway,14.71,none,0.0,0.0,10.0,88.0,14.53,0.0,0
39eb25af-263f-49dc-8db6-85b606312f0c,455a37ee-bce1-4dbc-a85c-0aa2a9b53dcb,Columbus,New York,0,39.94773,-81.97966,40.051512,-80.718668,108029.41,highway,13.69,none,0.0,0.0,10.0,100.0,13.73,0.0,0
12a8f3c6-4964-4553-9b5a-c0f02e16e4bb,455a37ee-bce1-4dbc-a85c-0aa2a9b53dcb,Columbus,New York,0,40.051512,-80.718668,40.130145,-79.988514,62724.11,highway,13.42,none,0.0,0.0,10.0,96.0,13.32,0.0,0
a931686e-1e0d-4620-88f9-950b343c83e5,455a37ee-bce1-4dbc-a85c-0aa2a9b53dcb,Columbus,New York,0,40.130145,-79.988514,40.040943,-79.112268,75201.94,highway,14.3,none,0.0,7.956,10.0,94.0,14.24,0.0,0
71e84ca6-2b0c-4975-b51a-801c61a1c413,455a37ee-bce1-4dbc-a85c-0aa2a9b53dcb,Columbus,New York,0,40.040943,-79.112268,39.998732,-78.338572,66051.24,arterial,12.22,none,0.0,5.544,10.0,93.0,11.93,0.0,0
e7a45a3d-8ef7-4dbf-9cd8-7e9e8d646901,455a37ee-bce1-4dbc-a85c-0aa2a9b53dcb,Columbus,New York,0,39.998732,-78.338572,40.197904,-77.402456,82645.85,arterial,12.8,none,0.0,1.764,10.0,85.0,12.36,0.0,0
5641ee6c-78cf-4d2e-af3d-0c13aa47f89c,455a37ee-bce1-4dbc-a85c-0aa2a9b53dcb,Columbus,New York,0,40.197904,-77.402456,40.238179,-76.13098,108049.94,arterial,12.04,none,0.0,9.252,10.0,78.0,11.34,0.0,0
532fdda2-75f4-4947-afb4-233938937dbd,455a37ee-bce1-4dbc-a85c-0aa2a9b53dcb,Columbus,New York,0,40.238179,-76.13098,40.130425,-74.964212,99837.65,residential,12.83,none,0.0,5.544,10.0,66.0,11.89,0.0,0
3a9ba2cd-6dca-48a1-8cfc-ab48c7cb945d,455a37ee-bce1-4dbc-a85c-0aa2a9b53dcb,Columbus,New York,0,40.130425,-74.964212,40.46356,-74.285718,68434.13,residential,11.62,none,0.0,9.252,10.0,65.0,10.53,0.0,0
dc8368b0-3a75-4360-ab15-7946e218a018,455a37ee-bce1-4dbc-a85c-0aa2a9b53dcb,Columbus,New York,0,40.46356,-74.285718,40.437589,-73.987993,25357.13,residential,11.66,none,0.0,1.62,10.0,65.0,10.58,0.0,0
751d8b5e-86ac-4149-8f2c-a123393957e4,455a37ee-bce1-4dbc-a85c-0aa2a9b53dcb,Columbus,New York,0,40.437589,-73.987993,40.438382,-73.983995,349.66,residential,11.42,none,0.0,14.076,10.0,67.0,10.37,0.0,0
f676968a-6b59-4aa1-8cbc-055a5b784df8,10e2c36e-c2c8-4850-af01-d53bdae19957,Columbus,New York,1,39.804853,-82.95685,39.95245,-81.949755,87489.48,highway,14.87,none,0.0,0.0,10.0,88.0,14.71,0.0,0
5883ee4b-621f-4855-94d1-69491264aab3,10e2c36e-c2c8-4850-af01-d53bdae19957,Columbus,New York,1,39.95245,-81.949755,40.050489,-80.680155,108689.65,highway,13.36,none,0.0,4.572,10.0,89.0,13.08,0.0,0
f05a239c-150f-4ded-97dc-a83f009a67d8,10e2c36e-c2c8-4850-af01-d53bdae19957,Columbus,New York,1,40.050489,-80.680155,40.10967,-79.919337,65064.04,highway,13.07,none,0.0,0.0,10.0,96.0,12.94,0.0,0
5205fd8e-a56c-499d-95be-2a821efe6f96,10e2c36e-c2c8-4850-af01-d53bdae19957,Columbus,New York,1,40.10967,-79.919337,39.981812,-78.94821,83878.61,highway,12.38,none,0.0,7.452,10.0,94.0,12.13,0.0,0
1210aa76-8327-4964-adc7-d49c59aa404c,10e2c36e-c2c8-4850-af01-d53bdae19957,Columbus,New York,1,39.981812,-78.94821,39.984538,-78.23849,60469.62,arterial,12.3,none,0.0,5.544,10.0,82.0,11.73,0.0,0
466504f9-1836-4f46-b52a-c55ab6d44443,10e2c36e-c2c8-4850-af01-d53bdae19957,Columbus,New York,1,39.984538,-78.23849,40.225908,-77.156876,95824.63,arterial,10.51,none,0.0,2.592,10.0,83.0,9.78,0.0,0
bf8ed89d-6d0a-4b19-b72b-5c9fdc33ceee,10e2c36e-c2c8-4850-af01-d53bdae19957,Columbus,New York,1,40.225908,-77.156876,40.573697,-75.875555,115186.02,arterial,11.57,none,0.0,4.32,10.0,75.0,10.74,0.0,0
3cc6069d-6f9b-4076-ba56-f21a7abdc2a9,10e2c36e-c2c8-4850-af01-d53bdae19957,Columbus,New York,1,40.573697,-75.875555,40.631281,-74.91678,81196.05,residential,12.74,none,0.0,1.62,10.0,63.0,11.71,0.0,0
560cf1a3-acdc-453b-b8c8-d5846bf47bce,10e2c36e-c2c8-4850-af01-d53bdae19957,Columbus,New York,1,40.631281,-74.91678,40.469348,-74.293841,55626.72,residential,12.13,none,0.0,4.824,10.0,63.0,11.04,0.0,0
a34d3b15-058c-4c18-bfbd-b809906e664e,10e2c36e-c2c8-4850-af01-d53bdae19957,Columbus,New York,1,40.469348,-74.293841,40.438382,-73.983995,26441.64,residential,11.66,none,0.0,1.62,10.0,65.0,10.58,0.0,0
0fafec06-3f3b-41e5-9e8e-ee991f5111ce,b04c3633-c79a-45d7-b41e-d860aadfa05d,Philadelphia,Los Angeles,0,40.112158,-75.38796,40.010473,-78.392071,255898.7,highway,11.84,none,0.0,9.252,10.0,76.0,11.06,0.0,0
a6958994-93a2-41b5-99f2-8a1b2085f4ba,b04c3633-c79a-45d7-b41e-d860aadfa05d,Philadelphia,Los Angeles,0,40.010473,-78.392071,40.047043,-80.771376,202619.2,highway,14.16,none,0.0,7.776,10.0,94.0,14.09,0.0,0
712a2d00-5bed-4f62-819a-1bf7cfc7962f,b04c3633-c79a-45d7-b41e-d860aadfa05d,Philadelphia,Los Angeles,0,40.047043,-80.771376,39.853018,-85.383008,393654.61,highway,14.54,none,0.0,7.416,10.0,83.0,14.22,0.0,0
222f630a-af83-4dbc-a3e8-2e6b0a086f12,b04c3633-c79a-45d7-b41e-d860aadfa05d,Philadelphia,Los Angeles,0,39.853018,-85.383008,38.848875,-89.466579,368407.72,highway,14.69,none,0.0,0.0,10.0,88.0,14.51,0.0,0
d130088e-a615-4f39-9f2c-ac5405dff68d,b04c3633-c79a-45d7-b41e-d860aadfa05d,Philadelphia,Los Angeles,0,38.848875,-89.466579,37.938388,-91.831731,229634.57,arterial,13.52,none,0.0,13.572,10.0,97.0,13.46,0.0,0
86953a2e-4545-462e-9bd6-fb1c9adbd67d,b04c3633-c79a-45d7-b41e-d860aadfa05d,Philadelphia,Los Angeles,0,37.938388,-91.831731,35.751491,-96.687519,495716.88,arterial,11.84,none,0.0,15.372,10.0,94.0,11.53,0.0,0
2903c52c-2bd7-4de2-aa96-06de4ba85610,b04c3633-c79a-45d7-b41e-d860aadfa05d,Philadelphia,Los Angeles,0,35.751491,-96.687519,35.19219,-102.098155,493837.7,arterial,13.79,none,0.0,18.504,10.0,62.0,12.84,0.0,0
df2852af-f1f0-4229-bd2a-68fc8da47f9a,b04c3633-c79a-45d7-b41e-d860aadfa05d,Philadelphia,Los Angeles,0,35.19219,-102.098155,35.465291,-108.40771,573097.93,residential,13.98,none,0.0,10.692,10.0,17.0,11.88,0.0,0
3a3efec0-6904-4b94-bc4f-62ec52a84c41,b04c3633-c79a-45d7-b41e-d860aadfa05d,Philadelphia,Los Angeles,0,35.465291,-108.40771,35.171941,-113.777394,488218.56,residential,13.09,none,0.0,26.316,10.0,29.0,11.21,0.0,0
9c999992-51f4-4af3-8686-e24bb58f1557,b04c3633-c79a-45d7-b41e-d860aadfa05d,Philadelphia,Los Angeles,0,35.171941,-113.777394,34.037362,-118.2138,425136.63,residential,15.3,none,0.0,2.808,10.0,50.0,14.19,0.0,0
3bd359c7-3631-4404-8386-bd46ca668aa5,9373aabf-79ed-489c-9877-2e2bff3fde52,Philadelphia,Los Angeles,1,40.112158,-75.38796,40.014089,-78.594247,273062.68,highway,11.78,none,0.0,6.444,10.0,75.0,10.97,0.0,0
5c4b9dd5-c6c9-4595-afbc-737b0ca0fc52,9373aabf-79ed-489c-9877-2e2bff3fde52,Philadelphia,Los Angeles,1,40.014089,-78.594247,41.24299,-81.119215,253118.46,highway,15.0,none,0.0,5.544,10.0,93.0,14.98,0.0,0
f40a307a-9161-4841-90cb-cec33073c363,9373aabf-79ed-489c-9877-2e2bff3fde52,Philadelphia,Los Angeles,1,41.24299,-81.119215,41.722589,-86.269683,432279.86,highway,10.61,none,0.0,0.0,10.0,87.0,10.0,0.0,0
55dada08-c9d1-40ba-93d5-99abc606e552,9373aabf-79ed-489c-9877-2e2bff3fde52,Philadelphia,Los Angeles,1,41.722589,-86.269683,41.64364,-91.072018,398850.81,highway,12.47,none,0.0,12.96,10.0,81.0,11.89,0.0,0
df31e588-4064-42a8-847b-174d96005215,9373aabf-79ed-489c-9877-2e2bff3fde52,Philadelphia,Los Angeles,1,41.64364,-91.072018,41.008685,-96.310665,443032.16,arterial,9.56,none,0.0,1.62,10.0,80.0,9.56,0.0,0
78fcc0f6-c443-4999-8ede-4eabde6c5513,9373aabf-79ed-489c-9877-2e2bff3fde52,Philadelphia,Los Angeles,1,41.008685,-96.310665,39.986921,-104.736031,721121.03,arterial,4.41,none,0.0,9.54,10.0,91.0,2.07,0.0,0
8c8fb1e3-c597-4c14-bd41-f7eb98da0d9e,9373aabf-79ed-489c-9877-2e2bff3fde52,Philadelphia,Los Angeles,1,39.986921,-104.736031,39.613929,-106.459021,152921.47,arterial,0.08,none,0.0,6.732,10.0,70.0,-2.2,0.0,0
c9d9c87d-a875-4d70-8b00-49ce5d3d173a,9373aabf-79ed-489c-9877-2e2bff3fde52,Philadelphia,Los Angeles,1,39.613929,-106.459021,38.934122,-110.019928,315678.19,residential,9.31,none,0.0,1.692,10.0,46.0,9.31,0.0,0
411869ea-8513-4365-b555-aa329445260b,9373aabf-79ed-489c-9877-2e2bff3fde52,Philadelphia,Los Angeles,1,38.934122,-110.019928,37.056937,-113.586692,375792.19,residential,0.88,none,0.0,8.604,10.0,41.0,-1.87,0.0,0
86add4fe-7e9d-4271-91b4-f4fd26ff834f,9373aabf-79ed-489c-9877-2e2bff3fde52,Philadelphia,Los Angeles,1,37.056937,-113.586692,34.037362,-118.2138,536514.66,residential,13.87,none,0.0,2.124,10.0,27.0,12.02,0.0,0
9e14eecb-3aa2-44d2-b79f-c3529e0ec115,3f342add-b78a-4daf-ab74-114610e529f7,Nashville,Las Vegas,0,36.386189,-86.827619,35.819446,-88.256479,143002.48,highway,17.17,none,4.21,9.252,6.437,100.0,17.55,0.0,0
10b5f99e-d57e-490f-ba85-639d59357b48,3f342add-b78a-4daf-ab74-114610e529f7,Nashville,Las Vegas,0,35.819446,-88.256479,34.779412,-92.221626,377933.24,highway,20.97,none,0.0,18.504,10.0,88.0,21.42,0.0,0
62a98222-69f7-448e-85fc-3ea17b5acac3,3f342add-b78a-4daf-ab74-114610e529f7,Nashville,Las Vegas,0,34.779412,-92.221626,35.449999,-94.443675,215422.03,highway,20.7,none,0.0,15.444,10.0,88.0,21.12,0.0,0
e9178f81-ad3c-4191-887a-39a79d4079d5,3f342add-b78a-4daf-ab74-114610e529f7,Nashville,Las Vegas,0,35.449999,-94.443675,35.385515,-96.568169,192647.38,highway,13.99,none,0.0,19.872,10.0,86.0,13.69,0.0,0
cba948b9-4993-4369-895a-cdf89db36e8e,3f342add-b78a-4daf-ab74-114610e529f7,Nashville,Las Vegas,0,35.385515,-96.568169,35.425809,-99.276827,245523.5,arterial,13.92,none,0.0,14.832,10.0,85.0,13.59,0.0,0
1c031096-18b9-470b-9981-55cc6cd51a12,3f342add-b78a-4daf-ab74-114610e529f7,Nashville,Las Vegas,0,35.425809,-99.276827,35.273607,-102.584244,300427.7,arterial,12.01,none,0.0,20.736,10.0,43.0,10.39,0.0,0
4cf0842c-7c45-4f91-bda9-15fa565a6346,3f342add-b78a-4daf-ab74-114610e529f7,Nashville,Las Vegas,0,35.273607,-102.584244,35.104586,-106.601541,365528.43,arterial,15.44,none,0.0,8.028,10.0,17.0,13.48,0.0,0
dde80378-8685-44d9-b029-b801174285cf,3f342add-b78a-4daf-ab74-114610e529f7,Nashville,Las Vegas,0,35.104586,-106.601541,35.06169,-109.779168,289168.61,residential,6.64,none,0.0,14.328,10.0,15.0,3.88,0.0,0
979b107c-46c0-4147-9880-69815aff615b,3f342add-b78a-4daf-ab74-114610e529f7,Nashville,Las Vegas,0,35.06169,-109.779168,35.323095,-112.922806,287127.68,residential,8.67,none,0.0,27.576,10.0,31.0,5.04,0.0,0
679948d1-c11b-4015-879d-023503ece79b,3f342add-b78a-4daf-ab74-114610e529f7,Nashville,Las Vegas,0,35.323095,-112.922806,35.99575,-115.116577,211834.42,residential,16.33,none,0.0,5.004,10.0,23.0,14.62,0.0,0
ad9eca37-da4e-4c82-982a-9fd870713099,3f342add-b78a-4daf-ab74-114610e529f7,Nashville,Las Vegas,0,35.99575,-115.116577,35.996978,-115.116469,136.89,residential,21.04,none,0.0,9.252,10.0,17.0,19.64,0.0,0
a94a3f7a-390d-44dd-bdeb-2c555cd25932,1426d6f2-b32c-43e1-b40f-68fceb2c5043,Nashville,Las Vegas,1,36.386189,-86.827619,37.377757,-88.816402,208427.78,highway,15.84,rain,1.15,13.968,10.0,95.0,15.96,0.0,0
d6f52ae2-c033-43b6-9cb9-3db81bb6df51,1426d6f2-b32c-43e1-b40f-68fceb2c5043,Nashville,Las Vegas,1,37.377757,-88.816402,38.760934,-90.472883,211374.17,highway,15.9,none,0.0,13.392,10.0,93.0,15.97,0.0,0
16da288d-9d42-4db2-91bb-67ff32ed9068,1426d6f2-b32c-43e1-b40f-68fceb2c5043,Nashville,Las Vegas,1,38.760934,-90.472883,39.09734,-94.574248,356708.21,highway,14.27,none,0.0,5.544,10.0,77.0,13.76,0.0,0
dd32895f-aa67-4375-b92b-39e4751735f7,1426d6f2-b32c-43e1-b40f-68fceb2c5043,Nashville,Las Vegas,1,39.09734,-94.574248,38.848309,-98.226327,316904.69,highway,7.79,none,0.0,16.416,10.0,80.0,5.02,0.0,0
496a12ae-e39b-4864-8f8a-6c1a7ae3f0ba,1426d6f2-b32c-43e1-b40f-68fceb2c5043,Nashville,Las Vegas,1,38.848309,-98.226327,39.705489,-104.193906,522324.9,arterial,4.73,none,0.0,12.42,10.0,81.0,1.87,0.0,0
94de305a-81ab-4a97-91a1-9784e49bb0fa,1426d6f2-b32c-43e1-b40f-68fceb2c5043,Nashville,Las Vegas,1,39.705489,-104.193906,39.699552,-105.835421,140431.53,arterial,9.26,none,0.0,9.648,10.0,56.0,7.82,0.0,0
b2fb9486-3f4c-4cca-8243-318778057149,1426d6f2-b32c-43e1-b40f-68fceb2c5043,Nashville,Las Vegas,1,39.699552,-105.835421,39.573606,-107.223767,119707.46,arterial,4.6,none,0.0,4.824,10.0,61.0,3.71,0.0,0
1abda675-40be-4b5e-a12b-2264d38b261d,1426d6f2-b32c-43e1-b40f-68fceb2c5043,Nashville,Las Vegas,1,39.573606,-107.223767,38.974313,-110.140258,259728.81,residential,10.94,none,0.0,7.452,10.0,24.0,8.72,0.0,0
e6ca41e3-82ac-42a4-8dc8-1343a0188c5c,1426d6f2-b32c-43e1-b40f-68fceb2c5043,Nashville,Las Vegas,1,38.974313,-110.140258,38.35971,-112.661549,229308.85,residential,1.19,none,0.0,9.396,10.0,48.0,-1.72,0.0,0
38c6930d-e7c7-4e9a-b917-e31887b0b4b3,1426d6f2-b32c-43e1-b40f-68fceb2c5043,Nashville,Las Vegas,1,38.35971,-112.661549,35.996655,-115.116478,341066.43,residential,11.09,none,0.0,5.688,10.0,22.0,8.83,0.0,0
11b45dd7-f403-43e9-bcc6-942108de1c7d,1426d6f2-b32c-43e1-b40f-68fceb2c5043,Nashville,Las Vegas,1,35.996655,-115.116478,35.996978,-115.116469,35.93,residential,21.04,none,0.0,9.252,10.0,17.0,19.64,0.0,0
f8a4439f-1a55-447a-820e-4528c1b27ca9,a143641a-43e7-4c91-a49d-c749e146a55f,Vancouver,Montreal,0,49.126996,-123.195679,50.653306,-120.370918,264076.15,highway,1.8,none,0.0,3.924,10.0,81.0,1.8,2.5,0
6ac8675b-510b-421c-bb46-07d14065f2c0,a143641a-43e7-4c91-a49d-c749e146a55f,Vancouver,Montreal,0,50.653306,-120.370918,51.176476,-117.769064,191444.01,highway,9.62,none,0.0,3.888,10.0,75.0,9.62,0.0,0
07d38def-ba7d-4bf9-ac2c-e9f4ee03068f,a143641a-43e7-4c91-a49d-c749e146a55f,Vancouver,Montreal,0,51.176476,-117.769064,51.088349,-114.439832,232491.62,highway,1.89,none,0.0,3.42,10.0,56.0,1.89,0.0,0
b8d2e4ba-1341-482c-9b6b-dfecc6e656c1,a143641a-43e7-4c91-a49d-c749e146a55f,Vancouver,Montreal,0,51.088349,-114.439832,49.975052,-101.228455,940662.41,highway,1.44,none,0.0,12.312,10.0,73.0,-2.11,0.0,0
0f11215e-cb44-430f-82e1-66ac2fe8d070,a143641a-43e7-4c91-a49d-c749e146a55f,Vancouver,Montreal,0,49.975052,-101.228455,49.839577,-93.458034,556412.21,arterial,1.66,none,0.0,8.064,10.0,59.0,-0.79,0.0,0
06061822-308a-4dba-9ae7-172dd7dcbfaa,a143641a-43e7-4c91-a49d-c749e146a55f,Vancouver,Montreal,0,49.839577,-93.458034,49.395069,-88.104864,388722.09,arterial,-2.81,none,0.0,6.444,10.0,98.0,-5.43,22.5,0
b0563161-3036-48ea-9e9d-fc16a3e0c216,a143641a-43e7-4c91-a49d-c749e146a55f,Vancouver,Montreal,0,49.395069,-88.104864,48.102822,-80.1111,603119.66,arterial,0.54,snow,0.13,18.108,7.093,94.0,-4.26,17.127,0
cd9b19a3-c6c2-422a-ac9d-f2146d811858,a143641a-43e7-4c91-a49d-c749e146a55f,Vancouver,Montreal,0,48.102822,-80.1111,47.380467,-76.982177,247349.37,residential,5.79,none,0.0,21.132,10.0,81.0,1.95,0.0,0
f63acf1b-6ae7-4be4-a103-862683638f7a,a143641a-43e7-4c91-a49d-c749e146a55f,Vancouver,Montreal,0,47.380467,-76.982177,46.023138,-74.237262,258031.56,residential,11.49,none,0.0,18.36,10.0,80.0,10.78,0.0,0
ec02f3e0-4fdc-4ff2-ad89-82550f4ace25,a143641a-43e7-4c91-a49d-c749e146a55f,Vancouver,Montreal,0,46.023138,-74.237262,45.798891,-73.473864,64109.12,residential,13.59,none,0.0,10.656,10.0,49.0,12.28,0.0,0
49aab247-6a60-4d00-9b76-31450776f77f,8d3a2c99-2ba4-4b8b-9abf-90c2c3a701e3,Vancouver,Montreal,1,49.126996,-123.195679,47.184789,-120.996648,270619.66,highway,9.51,none,0.0,4.5,10.0,84.0,9.51,0.0,0
463849d7-8abe-45b9-99ca-088e9a5b72ba,8d3a2c99-2ba4-4b8b-9abf-90c2c3a701e3,Vancouver,Montreal,1,47.184789,-120.996648,47.468879,-115.761231,395778.08,highway,9.85,none,0.0,10.512,10.0,72.0,8.38,0.0,0
47843927-d92f-4e11-86fa-e1dc84e818ce,8d3a2c99-2ba4-4b8b-9abf-90c2c3a701e3,Vancouver,Montreal,1,47.468879,-115.761231,45.879823,-111.898094,343586.3,highway,-1.53,none,0.0,5.04,10.0,92.0,-3.33,25.0,0
850d697a-6a72-460b-ab10-db12412edacf,8d3a2c99-2ba4-4b8b-9abf-90c2c3a701e3,Vancouver,Montreal,1,45.879823,-111.898094,46.931719,-103.541906,650960.64,highway,8.49,none,0.0,11.376,10.0,57.0,6.6,0.0,0
35f7878d-f11b-480c-afb0-be5179243731,8d3a2c99-2ba4-4b8b-9abf-90c2c3a701e3,Vancouver,Montreal,1,46.931719,-103.541906,46.740407,-95.756684,592337.85,arterial,2.87,none,0.0,8.172,10.0,47.0,0.6,0.0,0
6765df8e-a951-47c0-b786-919e7d5a7c6a,8d3a2c99-2ba4-4b8b-9abf-90c2c3a701e3,Vancouver,Montreal,1,46.740407,-95.756684,46.582446,-90.915423,369814.61,arterial,4.99,none,0.0,9.252,10.0,60.0,2.83,0.0,0
d49006f1-680e-4dd5-8c6f-8161e5f3fec2,8d3a2c99-2ba4-4b8b-9abf-90c2c3a701e3,Vancouver,Montreal,1,46.582446,-90.915423,46.437405,-86.655691,326345.76,arterial,3.42,none,0.0,5.94,10.0,94.0,1.94,0.0,0
c00715b1-0f23-4f01-8899-519a18e89f04,8d3a2c99-2ba4-4b8b-9abf-90c2c3a701e3,Vancouver,Montreal,1,46.437405,-86.655691,46.446376,-80.920863,439326.21,residential,5.62,none,0.0,14.184,10.0,88.0,2.65,0.0,0
a9be66a5-3901-4650-80cc-48e60c8ff0c9,8d3a2c99-2ba4-4b8b-9abf-90c2c3a701e3,Vancouver,Montreal,1,46.446376,-80.920863,45.511025,-75.602238,423845.41,residential,7.93,none,0.0,12.708,10.0,91.0,5.71,0.0,0
553604ab-9062-4b09-8447-1583f6193a92,8d3a2c99-2ba4-4b8b-9abf-90c2c3a701e3,Vancouver,Montreal,1,45.511025,-75.602238,45.796514,-73.471909,168588.73,residential,14.76,none,0.0,9.792,10.0,52.0,13.65,0.0,0
25d80bf5-e520-43af-b32a-470a7e9b1a4d,8d3a2c99-2ba4-4b8b-9abf-90c2c3a701e3,Vancouver,Montreal,1,45.796514,-73.471909,45.798891,-73.473864,304.68,residential,15.16,none,0.0,13.68,10.0,48.0,13.98,0.0,0
c4139cd7-826b-47ff-861e-572f6e5cd076,50ff0ada-fed0-48fa-ba13-96c94c0aec2f,Phoenix,Las Vegas,0,33.419151,-112.225256,33.53302,-112.418088,21913.3,highway,23.87,none,0.0,1.62,10.0,20.0,22.83,0.0,0
6b02f7b4-bb53-40ce-9278-2485c7d94927,50ff0ada-fed0-48fa-ba13-96c94c0aec2f,Phoenix,Las Vegas,0,33.53302,-112.418088,33.879613,-112.65278,44233.3,highway,22.11,none,0.0,11.664,10.0,20.0,20.9,0.0,0
a6fdcaaa-f1a0-4463-ad1e-12d9f884fefb,50ff0ada-fed0-48fa-ba13-96c94c0aec2f,Phoenix,Las Vegas,0,33.879613,-112.65278,33.988018,-112.741836,14587.79,highway,19.44,none,0.0,7.092,10.0,23.0,18.04,0.0,0
a82513e8-1ed6-4ee2-8641-d8be3cdf5cb4,50ff0ada-fed0-48fa-ba13-96c94c0aec2f,Phoenix,Las Vegas,0,33.988018,-112.741836,34.245991,-113.079361,42288.23,highway,17.33,none,0.0,6.876,10.0,24.0,15.75,0.0,0
1bb6373a-f831-42a9-8754-383e55c8af58,50ff0ada-fed0-48fa-ba13-96c94c0aec2f,Phoenix,Las Vegas,0,34.245991,-113.079361,34.679412,-113.593912,67439.04,arterial,16.68,none,0.0,6.156,10.0,24.0,15.03,0.0,0
7fddb0a0-e85f-4e37-83c1-cdce34d2ef76,50ff0ada-fed0-48fa-ba13-96c94c0aec2f,Phoenix,Las Vegas,0,34.679412,-113.593912,35.194004,-113.832937,61227.96,arterial,15.34,none,0.0,8.424,10.0,23.0,13.53,0.0,0
5697f4cf-fba4-478c-849e-bacc235b179f,50ff0ada-fed0-48fa-ba13-96c94c0aec2f,Phoenix,Las Vegas,0,35.194004,-113.832937,35.80868,-114.542175,93773.56,arterial,11.7,none,0.0,5.256,10.0,23.0,9.53,0.0,0
ef735a22-ba1c-451e-8371-98b78d249911,50ff0ada-fed0-48fa-ba13-96c94c0aec2f,Phoenix,Las Vegas,0,35.80868,-114.542175,35.956733,-114.908405,36873.48,residential,20.31,none,0.0,9.252,10.0,19.0,18.89,0.0,0
d8f21d4a-eb1a-4143-bd92-d3c81695edf3,50ff0ada-fed0-48fa-ba13-96c94c0aec2f,Phoenix,Las Vegas,0,35.956733,-114.908405,35.975506,-115.158722,22624.33,residential,18.47,none,0.0,9.252,10.0,18.0,16.84,0.0,0
3212993a-d14d-4b94-a2e1-3879e6320c41,50ff0ada-fed0-48fa-ba13-96c94c0aec2f,Phoenix,Las Vegas,0,35.975506,-115.158722,35.909897,-115.434021,25834.93,residential,18.09,none,0.0,0.0,10.0,17.0,16.4,0.0,0
580492fd-3a53-4efc-b57f-24114f2dd96a,1e6a36cc-fe7f-4184-9f15-c21243ffb075,Phoenix,Las Vegas,1,33.419151,-112.225256,33.461401,-112.384322,15489.04,highway,24.02,none,0.0,4.824,10.0,20.0,23.0,0.0,0
68f049e7-03d7-485e-bb71-42ce3a694725,1e6a36cc-fe7f-4184-9f15-c21243ffb075,Phoenix,Las Vegas,1,33.461401,-112.384322,33.499332,-112.945031,52173.59,highway,23.35,none,0.0,7.416,10.0,18.0,22.21,0.0,0
7ef30a8f-ba3b-4c1b-8aa2-283d8d8d22b3,1e6a36cc-fe7f-4184-9f15-c21243ffb075,Phoenix,Las Vegas,1,33.499332,-112.945031,33.650233,-113.912878,91221.04,highway,20.08,none,0.0,8.604,10.0,19.0,18.64,0.0,0
1100de89-3083-4674-9e44-d658a804ccc6,1e6a36cc-fe7f-4184-9f15-c21243ffb075,Phoenix,Las Vegas,1,33.650233,-113.912878,33.75409,-114.217038,30414.57,highway,18.57,none,0.0,3.96,10.0,19.0,16.98,0.0,0
3d6a0c54-a385-44b0-a2ed-88c8a6b8d9b5,1e6a36cc-fe7f-4184-9f15-c21243ffb075,Phoenix,Las Vegas,1,33.75409,-114.217038,34.149415,-114.288521,44449.86,arterial,19.39,none,0.0,4.824,10.0,20.0,17.91,0.0,0
e9258da9-4301-4fc9-ae0a-befa9336941f,1e6a36cc-fe7f-4184-9f15-c21243ffb075,Phoenix,Las Vegas,1,34.149415,-114.288521,34.581211,-114.642727,57985.09,arterial,23.75,none,0.0,5.04,10.0,19.0,22.68,0.0,0
6faf4f60-751e-4be8-9f16-3298641e8504,1e6a36cc-fe7f-4184-9f15-c21243ffb075,Phoenix,Las Vegas,1,34.581211,-114.642727,34.889282,-114.759319,35874.47,arterial,21.66,none,0.0,11.124,10.0,13.0,20.22,0.0,0
9e1a3a6b-0fc8-4cfb-9094-1d79b4048424,1e6a36cc-fe7f-4184-9f15-c21243ffb075,Phoenix,Las Vegas,1,34.889282,-114.759319,35.467021,-114.92856,66057.42,residential,21.36,none,0.0,8.892,10.0,21.0,20.1,0.0,0
9a8b5bec-47a2-41bb-89f1-bddce256d0b2,1e6a36cc-fe7f-4184-9f15-c21243ffb075,Phoenix,Las Vegas,1,35.467021,-114.92856,35.803209,-115.374885,54994.54,residential,10.6,none,0.0,9.72,10.0,29.0,8.47,0.0,0
41962114-fc04-48f4-a30c-8c60e86d73a0,1e6a36cc-fe7f-4184-9f15-c21243ffb075,Phoenix,Las Vegas,1,35.803209,-115.374885,35.909897,-115.434021,13005.29,residential,16.31,none,0.0,8.136,10.0,34.0,14.88,0.0,0
ec670bb0-22da-488c-9b54-2c917d44137a,dbe19b33-730f-45c7-afa5-240ebe135395,Los Angeles,Columbus,0,34.106478,-118.525875,34.334524,-117.481727,99295.82,highway,9.41,none,0.0,4.788,10.0,62.0,9.41,0.0,0
5fdc671a-f612-4471-b846-234307e5cbfd,dbe19b33-730f-45c7-afa5-240ebe135395,Los Angeles,Columbus,0,34.334524,-117.481727,35.290416,-113.083422,415325.71,highway,18.45,none,0.0,8.532,10.0,26.0,17.03,0.0,0
106703ca-ecde-449d-8d80-1b93003fc5f3,dbe19b33-730f-45c7-afa5-240ebe135395,Los Angeles,Columbus,0,35.290416,-113.083422,35.528938,-108.749093,393670.36,highway,12.78,none,0.0,16.56,10.0,27.0,10.82,0.0,0
8c3818b4-f601-4ed7-a392-e7b315f5547f,dbe19b33-730f-45c7-afa5-240ebe135395,Los Angeles,Columbus,0,35.528938,-108.749093,35.165923,-103.682422,461250.13,highway,13.09,none,0.0,7.2,10.0,10.0,10.72,0.0,0
767692f8-083a-4488-ba8d-d73da019275e,dbe19b33-730f-45c7-afa5-240ebe135395,Los Angeles,Columbus,0,35.165923,-103.682422,35.444005,-99.170136,410596.06,arterial,13.85,none,0.0,11.268,10.0,50.0,12.6,0.0,0
fc5c467e-aaa1-4e2a-a7f0-c1a57900fca4,dbe19b33-730f-45c7-afa5-240ebe135395,Los Angeles,Columbus,0,35.444005,-99.170136,36.453982,-95.360452,360824.2,arterial,14.01,none,0.0,16.668,10.0,77.0,13.48,0.0,0
fb87bb90-3cf9-471d-895e-7c5e95fc9848,dbe19b33-730f-45c7-afa5-240ebe135395,Los Angeles,Columbus,0,36.453982,-95.360452,37.986766,-91.665863,368835.66,arterial,12.1,none,0.0,22.212,10.0,98.0,11.92,0.0,0
d3bbb3ba-21c7-415e-ba89-a2866218d37f,dbe19b33-730f-45c7-afa5-240ebe135395,Los Angeles,Columbus,0,37.986766,-91.665863,38.783204,-89.734205,190229.45,residential,13.28,none,0.0,13.68,10.0,97.0,13.2,0.0,0
fab4b26c-4dcf-4a38-9828-a8603dd49b9d,dbe19b33-730f-45c7-afa5-240ebe135395,Los Angeles,Columbus,0,38.783204,-89.734205,39.710881,-86.278753,314902.89,residential,15.01,none,0.0,12.204,10.0,100.0,15.18,0.0,0
8e1e598e-0245-46d9-b112-02e1a1791772,dbe19b33-730f-45c7-afa5-240ebe135395,Los Angeles,Columbus,0,39.710881,-86.278753,40.086043,-83.263646,260556.59,residential,12.52,none,0.0,7.416,10.0,91.0,12.2,0.0,0
2d5a96f8-cf3e-4478-b92f-d90c08173aa3,d8a9a601-7b47-45eb-ba65-533ad1fc9b4b,Los Angeles,Columbus,1,34.106478,-118.525875,34.812345,-117.096717,152736.72,highway,13.06,none,0.0,8.82,10.0,49.0,11.7,0.0,0
f44887a0-499a-4cea-accd-3be615147312,d8a9a601-7b47-45eb-ba65-533ad1fc9b4b,Los Angeles,Columbus,1,34.812345,-117.096717,37.858195,-112.828726,510635.1,highway,18.9,none,0.0,3.132,10.0,32.0,17.68,0.0,0
81237db5-83da-454e-9d3a-39495f10a7c2,d8a9a601-7b47-45eb-ba65-533ad1fc9b4b,Los Angeles,Columbus,1,37.858195,-112.828726,39.078926,-109.228312,341546.59,highway,14.07,none,0.0,11.988,10.0,32.0,12.37,0.0,0
34c66f48-cee9-4ed4-b845-8ea4559530b9,d8a9a601-7b47-45eb-ba65-533ad1fc9b4b,Los Angeles,Columbus,1,39.078926,-109.228312,39.654823,-106.604814,234433.35,highway,-3.5,none,0.0,6.912,10.0,57.0,-6.42,0.0,0
c3362b02-f5c7-4bef-882a-d4dc52d78566,d8a9a601-7b47-45eb-ba65-533ad1fc9b4b,Los Angeles,Columbus,1,39.654823,-106.604814,39.778211,-104.9213,144645.72,arterial,-6.4,none,0.0,4.068,10.0,73.0,-6.4,0.0,0
ef631617-df31-461c-b0d2-34d19c3ccd69,d8a9a601-7b47-45eb-ba65-533ad1fc9b4b,Los Angeles,Columbus,1,39.778211,-104.9213,38.863967,-98.923342,525762.1,arterial,4.75,none,0.0,11.124,10.0,72.0,2.14,0.0,0
e213d7b7-f26b-45db-8235-0e8103b68595,d8a9a601-7b47-45eb-ba65-533ad1fc9b4b,Los Angeles,Columbus,1,38.863967,-98.923342,39.058945,-94.489974,383891.06,arterial,7.32,none,0.0,6.444,10.0,86.0,6.27,0.0,0
f1e96f66-2427-4ff0-9bf6-76a411064e7f,d8a9a601-7b47-45eb-ba65-533ad1fc9b4b,Los Angeles,Columbus,1,39.058945,-94.489974,38.777183,-90.352248,359310.78,residential,12.56,none,0.0,13.896,10.0,84.0,12.06,0.0,0
5ec0f17c-4972-473a-890a-35168313fb0e,d8a9a601-7b47-45eb-ba65-533ad1fc9b4b,Los Angeles,Columbus,1,38.777183,-90.352248,39.552655,-86.701826,326285.25,residential,14.44,none,0.0,0.0,10.0,87.0,14.21,0.0,0
f2771690-4b69-47f5-b023-26978f73f8de,d8a9a601-7b47-45eb-ba65-533ad1fc9b4b,Los Angeles,Columbus,1,39.552655,-86.701826,40.088149,-83.264978,299477.99,residential,12.58,none,0.0,7.416,10.0,89.0,12.22,0.0,0
18e3b257-e32a-4783-8c08-d28ebcef813d,d8a9a601-7b47-45eb-ba65-533ad1fc9b4b,Los Angeles,Columbus,1,40.088149,-83.264978,40.086043,-83.263646,260.15,residential,13.81,none,0.0,7.416,10.0,84.0,13.44,0.0,0
5133a360-5dfb-4d9a-b869-facdc9d9a866,d2aee4a3-e7a0-49e4-8493-a2749f0908e3,Philadelphia,New York,0,40.167691,-75.423247,40.142553,-75.313714,9719.43,highway,12.62,none,0.0,7.416,10.0,66.0,11.66,0.0,0
55db23ab-bf98-4061-8172-1c96418be30f,d2aee4a3-e7a0-49e4-8493-a2749f0908e3,Philadelphia,New York,0,40.142553,-75.313714,40.130537,-75.204427,9386.04,highway,12.51,none,0.0,7.416,10.0,66.0,11.54,0.0,0
81022cb4-4646-4ccc-85bc-d0e8c5bfa711,d2aee4a3-e7a0-49e4-8493-a2749f0908e3,Philadelphia,New York,0,40.130537,-75.204427,40.120876,-74.844318,30636.45,highway,12.28,none,0.0,7.416,10.0,64.0,11.23,0.0,0
542412b6-d217-462d-beee-89bbc1096e59,d2aee4a3-e7a0-49e4-8493-a2749f0908e3,Philadelphia,New York,0,40.120876,-74.844318,40.166361,-74.647148,17506.14,highway,11.86,none,0.0,9.252,10.0,62.0,10.72,0.0,0
a0ac2524-7822-4923-aa3c-17defa8be55a,d2aee4a3-e7a0-49e4-8493-a2749f0908e3,Philadelphia,New York,0,40.166361,-74.647148,40.48393,-74.400566,41035.31,arterial,11.6,none,0.0,6.624,10.0,66.0,10.54,0.0,0
9bf42db1-fe0c-4fee-b513-73736f44406b,d2aee4a3-e7a0-49e4-8493-a2749f0908e3,Philadelphia,New York,0,40.48393,-74.400566,40.642843,-74.210209,23891.61,arterial,12.08,none,0.0,14.832,10.0,63.0,10.99,0.0,0
8ebe6665-3983-4aa6-b255-c23a271163a1,d2aee4a3-e7a0-49e4-8493-a2749f0908e3,Philadelphia,New York,0,40.642843,-74.210209,40.607711,-74.138665,7191.51,arterial,12.06,none,0.0,14.832,10.0,64.0,10.99,0.0,0
9a44c04b-1636-4816-93d3-2dcdf7b61342,d2aee4a3-e7a0-49e4-8493-a2749f0908e3,Philadelphia,New York,0,40.607711,-74.138665,40.602117,-74.063732,6356.42,residential,11.57,none,0.0,14.832,10.0,64.0,10.45,0.0,0
05c02569-55e6-4aed-8257-68c381da1528,d2aee4a3-e7a0-49e4-8493-a2749f0908e3,Philadelphia,New York,0,40.602117,-74.063732,40.584426,-73.961464,8856.29,residential,11.44,none,0.0,14.832,10.0,67.0,10.39,0.0,0
cc7c5edf-7a2e-460d-a089-a70ce7d67699,d2aee4a3-e7a0-49e4-8493-a2749f0908e3,Philadelphia,New York,0,40.584426,-73.961464,40.558175,-73.901341,5857.34,residential,11.24,none,0.0,7.416,10.0,70.0,10.25,0.0,0
5a41a4a7-3b2a-4374-9dfd-f0ea6ba303d2,d2aee4a3-e7a0-49e4-8493-a2749f0908e3,Philadelphia,New York,0,40.558175,-73.901341,40.557915,-73.90187,53.23,residential,11.14,none,0.0,7.416,10.0,70.0,10.14,0.0,0
65367054-402f-4d95-a798-59653889d727,2c5af2c7-efe1-45f5-8c91-562faee6f1b0,Detroit,Los Angeles,0,42.112973,-82.786187,42.222626,-85.791559,247976.78,highway,8.22,none,0.0,0.0,10.0,89.0,8.22,0.0,0
5b754ebb-9872-4107-a59c-255bc945751e,2c5af2c7-efe1-45f5-8c91-562faee6f1b0,Detroit,Los Angeles,0,42.222626,-85.791559,41.414938,-90.094593,367677.67,highway,13.59,none,0.0,9.252,10.0,76.0,12.99,0.0,0
0f87abaf-ac33-4c4f-add5-542331863123,2c5af2c7-efe1-45f5-8c91-562faee6f1b0,Detroit,Los Angeles,0,41.414938,-90.094593,41.496992,-94.71505,385115.78,highway,10.95,none,0.0,8.1,10.0,65.0,9.8,0.0,0
64fe73d8-0110-4f14-87eb-410e6aa167a7,2c5af2c7-efe1-45f5-8c91-562faee6f1b0,Detroit,Los Angeles,0,41.496992,-94.71505,40.722848,-98.740233,348004.8,highway,7.83,none,0.0,14.832,10.0,87.0,5.28,0.0,0
0b259b11-0aa3-4600-ae72-174bee1668a9,2c5af2c7-efe1-45f5-8c91-562faee6f1b0,Detroit,Los Angeles,0,40.722848,-98.740233,39.799401,-105.039611,544170.02,arterial,6.32,none,0.0,14.472,10.0,82.0,3.47,0.0,0
7c0b71be-1a93-44ba-80fb-b12e7c37256e,2c5af2c7-efe1-45f5-8c91-562faee6f1b0,Detroit,Los Angeles,0,39.799401,-105.039611,39.647002,-106.315155,110397.67,arterial,-1.95,none,0.0,6.048,10.0,73.0,-4.27,0.0,0
8c5d30ca-d35d-4f4b-9d94-8f7ff1b9f28d,2c5af2c7-efe1-45f5-8c91-562faee6f1b0,Detroit,Los Angeles,0,39.647002,-106.315155,39.165945,-108.29983,178704.06,arterial,1.85,none,0.0,3.96,10.0,69.0,1.85,0.0,0
bae52c06-1746-4e02-9dd6-645f9bccebf1,2c5af2c7-efe1-45f5-8c91-562faee6f1b0,Detroit,Los Angeles,0,39.165945,-108.29983,38.916351,-111.732073,297701.86,residential,11.44,none,0.0,9.108,10.0,25.0,9.29,0.0,0
be49799a-dd28-43f9-bf20-b324764c076e,2c5af2c7-efe1-45f5-8c91-562faee6f1b0,Detroit,Los Angeles,0,38.916351,-111.732073,36.271338,-115.056714,415033.67,residential,7.65,none,0.0,3.708,10.0,36.0,7.65,0.0,0
4d9b3bd1-b4f6-4aa6-9d5c-3b9cb4d8fec8,2c5af2c7-efe1-45f5-8c91-562faee6f1b0,Detroit,Los Angeles,0,36.271338,-115.056714,34.093241,-118.259007,378581.73,residential,12.8,none,0.0,13.464,10.0,46.0,11.34,0.0,0
e8a6fe68-e247-4115-9227-ec9aef43237e,2c5af2c7-efe1-45f5-8c91-562faee6f1b0,Detroit,Los Angeles,0,34.093241,-118.259007,34.09483,-118.260095,203.12,residential,15.09,none,0.0,5.544,10.0,69.0,14.46,0.0,0
6028795f-f818-4d52-b987-cb950fc9967f,ce78eaf0-9f3d-49f7-9a90-dd7d091c4d12,Detroit,Los Angeles,1,42.112973,-82.786187,42.197558,-86.099249,273247.03,highway,8.08,none,0.0,0.0,10.0,90.0,8.08,0.0,0
1ee7d59d-7401-4933-9d0c-8c032ee1c1fc,ce78eaf0-9f3d-49f7-9a90-dd7d091c4d12,Detroit,Los Angeles,1,42.197558,-86.099249,40.195877,-89.304987,348497.41,highway,12.46,none,0.0,0.0,10.0,87.0,12.03,0.0,0
dd03d1db-23a2-4b2c-9c01-14ca8aaeed7a,ce78eaf0-9f3d-49f7-9a90-dd7d091c4d12,Detroit,Los Angeles,1,40.195877,-89.304987,39.735388,-93.862411,391713.42,highway,14.02,none,0.0,17.172,10.0,61.0,13.07,0.0,0
5cb90f7c-8f4b-4bfa-8ed1-16bf48d18add,ce78eaf0-9f3d-49f7-9a90-dd7d091c4d12,Detroit,Los Angeles,1,39.735388,-93.862411,38.906939,-97.5227,328032.5,highway,8.04,none,0.0,16.956,10.0,83.0,5.26,0.0,0
e1a1ae56-9ec5-4db2-a855-b6a6b448b729,ce78eaf0-9f3d-49f7-9a90-dd7d091c4d12,Detroit,Los Angeles,1,38.906939,-97.5227,39.734527,-104.329187,592540.72,arterial,4.71,none,0.0,11.124,10.0,80.0,2.09,0.0,0
0d0f6bd0-835d-4e5f-9bb7-ee3677f8e80e,ce78eaf0-9f3d-49f7-9a90-dd7d091c4d12,Detroit,Los Angeles,1,39.734527,-104.329187,39.523536,-106.141604,156977.83,arterial,4.93,none,0.0,14.472,10.0,59.0,1.76,0.0,0
30ab34c9-93e1-471b-80d0-7b0931cc8fba,ce78eaf0-9f3d-49f7-9a90-dd7d091c4d12,Detroit,Los Angeles,1,39.523536,-106.141604,39.427334,-108.077717,166519.31,arterial,1.78,none,0.0,6.444,10.0,68.0,-0.13,0.0,0
bb9ddbea-0e7f-4010-bf33-1c23013b6e78,ce78eaf0-9f3d-49f7-9a90-dd7d091c4d12,Detroit,Los Angeles,1,39.427334,-108.077717,38.869925,-111.552574,305968.67,residential,4.28,none,0.0,1.512,10.0,36.0,4.28,0.0,0
721c156b-bdbd-4bc3-83f3-270048f4d2e9,ce78eaf0-9f3d-49f7-9a90-dd7d091c4d12,Detroit,Los Angeles,1,38.869925,-111.552574,36.608735,-114.631814,369459.73,residential,7.95,none,0.0,9.252,10.0,46.0,6.34,0.0,0
ee5ce1d7-e06f-42f9-8603-24a17553c0be,ce78eaf0-9f3d-49f7-9a90-dd7d091c4d12,Detroit,Los Angeles,1,36.608735,-114.631814,34.094494,-118.259231,431661.37,residential,13.49,none,0.0,6.804,10.0,35.0,11.81,0.0,0
1b1b119f-88de-413e-8850-e3a61a89ced1,ce78eaf0-9f3d-49f7-9a90-dd7d091c4d12,Detroit,Los Angeles,1,34.094494,-118.259231,34.09483,-118.260095,87.89,residential,15.09,none,0.0,5.544,10.0,69.0,14.46,0.0,0
e1c07b0f-bc57-4d5a-8550-7385029963d3,c38c3343-5a43-423d-9485-54bc7b5304aa,Salt Lake City,Denver,0,40.572909,-112.13846,40.689433,-112.265149,16798.15,highway,-0.15,none,0.0,4.86,10.0,63.0,-1.68,0.0,0
25fb4513-664c-49b3-8d45-62b4912d508e,c38c3343-5a43-423d-9485-54bc7b5304aa,Salt Lake City,Denver,0,40.689433,-112.265149,40.752898,-111.625715,54347.59,highway,7.48,none,0.0,11.124,10.0,56.0,5.43,0.0,0
6384a525-6fb1-4c45-9ed5-51fd6c9823cd,c38c3343-5a43-423d-9485-54bc7b5304aa,Salt Lake City,Denver,0,40.752898,-111.625715,41.246329,-111.068126,72110.54,highway,-0.63,none,0.0,1.8,10.0,42.0,-0.63,0.0,0
80e2b065-c43f-4eed-b026-ca1fa3ae8d0b,c38c3343-5a43-423d-9485-54bc7b5304aa,Salt Lake City,Denver,0,41.246329,-111.068126,41.54273,-109.836251,107912.49,highway,3.64,none,0.0,14.832,10.0,56.0,0.12,0.0,0
2b030475-f3db-4c79-86b6-82e855b37387,c38c3343-5a43-423d-9485-54bc7b5304aa,Salt Lake City,Denver,0,41.54273,-109.836251,41.640482,-108.206821,135940.12,arterial,3.96,none,0.0,14.832,10.0,48.0,0.51,0.0,0
2a81e78a-ae83-47d3-b4a2-cfd91e7e6dfe,c38c3343-5a43-423d-9485-54bc7b5304aa,Salt Lake City,Denver,0,41.640482,-108.206821,41.560591,-106.109838,174587.34,arterial,5.34,none,0.0,16.92,10.0,58.0,1.91,0.0,0
65970c2a-cd7d-4fc5-8565-fdf1e30834ae,c38c3343-5a43-423d-9485-54bc7b5304aa,Salt Lake City,Denver,0,41.560591,-106.109838,40.993991,-105.411703,85865.34,arterial,2.1,none,0.0,11.124,10.0,69.0,-1.05,0.0,0
fff6bb5c-9060-4700-9a3d-5701ec77cb16,c38c3343-5a43-423d-9485-54bc7b5304aa,Salt Lake City,Denver,0,40.993991,-105.411703,40.754972,-105.114512,36479.5,residential,4.8,none,0.0,4.824,10.0,57.0,3.94,0.0,0
44f5c6ca-b9e5-45fe-ab5a-2bccdc93df06,c38c3343-5a43-423d-9485-54bc7b5304aa,Salt Lake City,Denver,0,40.754972,-105.114512,39.911122,-104.990827,94415.68,residential,8.61,none,0.0,24.084,10.0,56.0,5.25,0.0,0
66a9d734-83f9-4658-a151-b9c3a6713023,c38c3343-5a43-423d-9485-54bc7b5304aa,Salt Lake City,Denver,0,39.911122,-104.990827,39.697072,-105.035813,24109.51,residential,9.05,none,0.0,27.36,10.0,58.0,5.55,0.0,0
d1a4f1f0-6e67-455c-9da3-1119c9b2fcf6,c38c3343-5a43-423d-9485-54bc7b5304aa,Salt Lake City,Denver,0,39.697072,-105.035813,39.697831,-105.03612,88.39,residential,9.2,none,0.0,9.648,10.0,56.0,7.75,0.0,0
95ffb6b4-e863-4443-8d71-9f183ab9c997,167ae4ef-7344-4be7-81c7-c30df326b0c2,Salt Lake City,Denver,1,40.572909,-112.13846,40.593827,-112.370401,19724.6,highway,5.99,none,0.0,5.22,10.0,66.0,5.14,0.0,0
24bb6c1a-7310-42e1-b25e-6beaf68ab2fe,167ae4ef-7344-4be7-81c7-c30df326b0c2,Salt Lake City,Denver,1,40.593827,-112.370401,40.964039,-111.892541,57563.36,highway,7.49,none,0.0,11.124,10.0,58.0,5.44,0.0,0
da003b2a-244d-4246-8ee9-f7d27a3399bb,167ae4ef-7344-4be7-81c7-c30df326b0c2,Salt Lake City,Denver,1,40.964039,-111.892541,41.033729,-111.507123,33260.07,highway,5.71,none,0.0,1.62,10.0,47.0,5.71,0.0,0
3f04f517-f929-4158-8a2b-96f09192efcb,167ae4ef-7344-4be7-81c7-c30df326b0c2,Salt Lake City,Denver,1,41.033729,-111.507123,41.296067,-110.69571,73921.62,highway,1.29,none,0.0,12.96,10.0,62.0,-2.42,0.0,0
315d8dd2-c6ee-4dfb-a0a2-e9cb4c256051,167ae4ef-7344-4be7-81c7-c30df326b0c2,Salt Lake City,Denver,1,41.296067,-110.69571,41.603189,-109.238151,126187.05,arterial,1.4,none,0.0,22.212,10.0,59.0,-3.75,0.0,0
97dbc92e-3b86-4002-9c49-c155e0176a64,167ae4ef-7344-4be7-81c7-c30df326b0c2,Salt Lake City,Denver,1,41.603189,-109.238151,41.778203,-107.224507,168326.41,arterial,3.1,none,0.0,15.12,10.0,51.0,-0.6,0.0,0
6ab637c4-3e21-447d-bcc4-3fd1b57b3073,167ae4ef-7344-4be7-81c7-c30df326b0c2,Salt Lake City,Denver,1,41.778203,-107.224507,41.308735,-105.614317,143812.5,arterial,1.2,none,0.0,16.992,10.0,73.0,-3.26,0.0,0
64eb7935-b258-4d6f-9158-54cd483a5df5,167ae4ef-7344-4be7-81c7-c30df326b0c2,Salt Lake City,Denver,1,41.308735,-105.614317,40.91998,-104.933887,71539.09,residential,2.45,none,0.0,18.828,10.0,63.0,-1.97,0.0,0
119cefed-7ee1-4b6b-aeec-dcd6e646e426,167ae4ef-7344-4be7-81c7-c30df326b0c2,Salt Lake City,Denver,1,40.91998,-104.933887,39.906281,-104.990655,112820.59,residential,8.74,none,0.0,24.084,10.0,56.0,5.42,0.0,0
4e606232-0ba6-416f-8ae3-b6386fe05f17,167ae4ef-7344-4be7-81c7-c30df326b0c2,Salt Lake City,Denver,1,39.906281,-104.990655,39.697164,-105.035513,23566.4,residential,9.05,none,0.0,27.36,10.0,58.0,5.55,0.0,0
07ec4daf-c2d8-4e80-af85-07c5ede15813,167ae4ef-7344-4be7-81c7-c30df326b0c2,Salt Lake City,Denver,1,39.697164,-105.035513,39.697831,-105.03612,90.54,residential,9.2,none,0.0,9.648,10.0,56.0,7.75,0.0,0
2299af49-11d7-457e-bf02-9eea4ce16288,767720a9-1304-449d-8bec-2de06727d286,Phoenix,Vancouver,0,33.175469,-111.989203,33.992947,-112.751865,115124.44,highway,23.22,none,0.0,11.916,10.0,20.0,22.12,0.0,0
45529150-27fc-4871-8c5f-2abfd69b0dac,767720a9-1304-449d-8bec-2de06727d286,Phoenix,Vancouver,0,33.992947,-112.751865,36.008769,-114.779637,290424.92,highway,16.33,none,0.0,8.856,10.0,23.0,14.62,0.0,0
6ef0cdfc-f5a3-41bc-a0cd-32d2fcfdfd71,767720a9-1304-449d-8bec-2de06727d286,Phoenix,Vancouver,0,36.008769,-114.779637,37.537199,-117.19416,274088.57,highway,15.18,none,0.0,11.124,10.0,20.0,13.28,0.0,0
5622664c-e49a-41bb-9b7a-a936004c1795,767720a9-1304-449d-8bec-2de06727d286,Phoenix,Vancouver,0,37.537199,-117.19416,39.489858,-117.059842,217439.96,highway,6.69,none,0.0,8.82,10.0,34.0,4.94,0.0,0
7871c8db-ae59-414d-9fcf-27fbe5ffa88f,767720a9-1304-449d-8bec-2de06727d286,Phoenix,Vancouver,0,39.489858,-117.059842,43.120699,-118.254533,415867.93,arterial,9.72,none,0.0,5.112,10.0,31.0,9.42,0.0,0
7975c533-a515-4a87-85cc-db2dfff024cf,767720a9-1304-449d-8bec-2de06727d286,Phoenix,Vancouver,0,43.120699,-118.254533,44.720415,-121.217442,296543.57,arterial,4.82,none,0.0,8.1,10.0,52.0,2.91,0.0,0
d271d95b-87f5-4c68-82ac-25fcaeb656dd,767720a9-1304-449d-8bec-2de06727d286,Phoenix,Vancouver,0,44.720415,-121.217442,45.518675,-122.412475,129112.2,arterial,5.49,none,0.0,5.76,10.0,66.0,4.38,0.0,0
02780263-10c5-4a0a-9303-cfdf5a89b150,767720a9-1304-449d-8bec-2de06727d286,Phoenix,Vancouver,0,45.518675,-122.412475,47.222084,-122.463342,189450.63,residential,8.93,none,0.0,3.672,10.0,86.0,8.93,0.0,0
e2724abd-9ef3-498b-881e-1885a89f7058,767720a9-1304-449d-8bec-2de06727d286,Phoenix,Vancouver,0,47.222084,-122.463342,48.753273,-122.462367,170260.46,residential,9.18,none,0.0,1.62,10.0,88.0,9.18,0.0,0
163d80fa-fbae-4a33-bca1-4eb5da0baba5,767720a9-1304-449d-8bec-2de06727d286,Phoenix,Vancouver,0,48.753273,-122.462367,49.369866,-123.382105,95870.37,residential,11.2,none,0.0,9.828,10.0,84.0,10.57,0.0,0
122baddd-786a-421f-b954-fcd1a32b80c8,0faf7095-b53f-4af1-b06b-af6d1d17b9dc,Phoenix,Vancouver,1,33.175469,-111.989203,33.988432,-112.742197,114180.3,highway,23.22,none,0.0,11.916,10.0,20.0,22.12,0.0,0
5139e3b0-f506-479e-9bbd-e67e0ea16525,0faf7095-b53f-4af1-b06b-af6d1d17b9dc,Phoenix,Vancouver,1,33.988432,-112.742197,36.009752,-114.731762,288703.03,highway,17.21,none,0.0,9.036,10.0,23.0,15.59,0.0,0
5acba635-1534-4cb2-8f65-990ae4313adb,0faf7095-b53f-4af1-b06b-af6d1d17b9dc,Phoenix,Vancouver,1,36.009752,-114.731762,37.802931,-115.071674,201669.4,highway,14.7,none,0.0,7.2,10.0,29.0,12.98,0.0,0
498f4321-3f5d-4a52-b669-1d4bbefb9ec0,0faf7095-b53f-4af1-b06b-af6d1d17b9dc,Phoenix,Vancouver,1,37.802931,-115.071674,40.618333,-114.98567,313146.05,highway,4.94,none,0.0,11.124,10.0,56.0,2.37,0.0,0
66886d39-eb0d-46af-8cbf-e63279b0f3c5,0faf7095-b53f-4af1-b06b-af6d1d17b9dc,Phoenix,Vancouver,1,40.618333,-114.98567,42.962884,-115.185706,261228.87,arterial,3.73,none,0.0,8.172,10.0,55.0,1.61,0.0,0
55fe33aa-779c-43ea-b172-c8a61d392729,0faf7095-b53f-4af1-b06b-af6d1d17b9dc,Phoenix,Vancouver,1,42.962884,-115.185706,44.593268,-117.469671,257836.92,arterial,10.46,none,0.0,10.728,10.0,51.0,8.89,0.0,0
32872a91-070c-47b2-b57a-eebda4422c60,0faf7095-b53f-4af1-b06b-af6d1d17b9dc,Phoenix,Vancouver,1,44.593268,-117.469671,46.260109,-119.422484,239935.51,arterial,6.67,none,0.0,0.0,10.0,76.0,6.67,0.0,0
72b52ecf-ec48-4c81-8280-dcd371c8b52f,0faf7095-b53f-4af1-b06b-af6d1d17b9dc,Phoenix,Vancouver,1,46.260109,-119.422484,47.397882,-121.546678,205221.74,residential,8.18,none,0.0,19.296,10.0,62.0,5.17,0.0,0
7192f207-c774-4a7f-833f-13c7b7f417aa,0faf7095-b53f-4af1-b06b-af6d1d17b9dc,Phoenix,Vancouver,1,47.397882,-121.546678,48.78,-122.473114,168382.95,residential,10.19,none,0.0,4.716,10.0,83.0,9.43,0.0,0
16a0f383-51b2-4952-8c64-aba68bd9d61d,0faf7095-b53f-4af1-b06b-af6d1d17b9dc,Phoenix,Vancouver,1,48.78,-122.473114,49.369942,-123.381192,93156.19,residential,11.23,none,0.0,9.36,10.0,84.0,10.6,0.0,0
7a238fc1-413f-4ebf-ab95-73462f104e26,0faf7095-b53f-4af1-b06b-af6d1d17b9dc,Phoenix,Vancouver,1,49.369942,-123.381192,49.369866,-123.382105,66.65,residential,9.55,none,0.0,6.12,10.0,88.0,8.93,0.0,0
f60484f7-f4dc-4460-b1d5-3ff8146751c3,913c0172-cca9-4597-b1e7-5e801efb1f1f,Pittsburgh,Denver,0,40.2506,-80.018099,40.944546,-80.614919,92158.43,highway,15.81,none,0.0,6.516,10.0,84.0,15.64,0.0,0
4650aa47-5ae6-4e82-be49-9fea06298403,913c0172-cca9-4597-b1e7-5e801efb1f1f,Pittsburgh,Denver,0,40.944546,-80.614919,41.325581,-82.63044,174026.86,highway,11.7,none,0.0,0.0,10.0,85.0,11.15,0.0,0
17e3f023-91ef-4fc4-9721-0393a6329146,913c0172-cca9-4597-b1e7-5e801efb1f1f,Pittsburgh,Denver,0,41.325581,-82.63044,41.753991,-85.426437,237521.79,highway,10.56,none,0.0,5.544,10.0,91.0,10.05,0.0,0
8a3e2238-c63e-496f-915c-01d475e5d059,913c0172-cca9-4597-b1e7-5e801efb1f1f,Pittsburgh,Denver,0,41.753991,-85.426437,41.578439,-87.63421,184421.58,highway,10.91,none,0.0,1.836,10.0,88.0,10.35,0.0,0
c05f716a-e02b-4c69-b12d-9c8a7e70c6f2,913c0172-cca9-4597-b1e7-5e801efb1f1f,Pittsburgh,Denver,0,41.578439,-87.63421,41.4567,-90.487139,237902.18,arterial,13.92,none,0.0,7.416,10.0,67.0,13.12,0.0,0
12e516b9-9acd-457f-9665-55050639b6c9,913c0172-cca9-4597-b1e7-5e801efb1f1f,Pittsburgh,Denver,0,41.4567,-90.487139,41.692736,-93.244291,230837.35,arterial,11.58,none,0.0,5.184,10.0,63.0,10.44,0.0,0
3c3dede8-b701-4003-9c1e-4da47b7ae98f,913c0172-cca9-4597-b1e7-5e801efb1f1f,Pittsburgh,Denver,0,41.692736,-93.244291,41.226267,-95.945075,230950.84,arterial,8.23,none,0.0,15.336,10.0,71.0,5.7,0.0,0
18029f27-07ff-4f93-947c-1c5edef00f0d,913c0172-cca9-4597-b1e7-5e801efb1f1f,Pittsburgh,Denver,0,41.226267,-95.945075,40.721744,-98.710065,238800.22,residential,5.39,none,0.0,10.404,10.0,87.0,3.05,0.0,0
dd444266-711e-4453-be72-147825f72bb9,913c0172-cca9-4597-b1e7-5e801efb1f1f,Pittsburgh,Denver,0,40.721744,-98.710065,40.625553,-103.170652,376290.82,residential,4.41,none,0.0,9.684,10.0,90.0,2.04,0.0,0
b1ae1b18-b2fa-45de-9bff-9bc2e14526b4,913c0172-cca9-4597-b1e7-5e801efb1f1f,Pittsburgh,Denver,0,40.625553,-103.170652,39.962777,-105.24164,190473.01,residential,10.0,none,0.0,19.62,10.0,59.0,7.43,0.0,0
c83ffb6c-5385-42f3-8a64-04c4b82272e2,913c0172-cca9-4597-b1e7-5e801efb1f1f,Pittsburgh,Denver,0,39.962777,-105.24164,39.962808,-105.241798,13.9,residential,8.62,none,0.0,18.504,10.0,59.0,5.81,0.0,0
96c6501a-e2d2-4e2f-a9cb-27d712d2ddac,a29cbc22-39c7-4e70-88f6-661f5f4c8300,Pittsburgh,Denver,1,40.2506,-80.018099,40.059575,-81.104383,94730.83,highway,13.88,none,0.0,4.824,10.0,87.0,13.6,0.0,0
d5f8a2d8-ed25-462c-ad8d-10919d6f57e8,a29cbc22-39c7-4e70-88f6-661f5f4c8300,Pittsburgh,Denver,1,40.059575,-81.104383,39.932982,-83.612104,214076.08,highway,14.92,none,0.0,0.0,10.0,81.0,14.58,0.0,0
0a6fe470-a9e4-4579-b397-f58c419d8fdc,a29cbc22-39c7-4e70-88f6-661f5f4c8300,Pittsburgh,Denver,1,39.932982,-83.612104,39.756071,-86.190615,221006.83,highway,12.65,none,0.0,7.416,10.0,90.0,12.32,0.0,0
54eefd5a-5895-40fd-86cd-1cbdb9884751,a29cbc22-39c7-4e70-88f6-661f5f4c8300,Pittsburgh,Denver,1,39.756071,-86.190615,39.010646,-88.860433,243955.84,highway,14.22,none,0.0,10.116,10.0,90.0,14.05,0.0,0
5fcdcd2a-cbc0-4358-a4ef-d1dc21097c78,a29cbc22-39c7-4e70-88f6-661f5f4c8300,Pittsburgh,Denver,1,39.010646,-88.860433,38.781765,-90.51921,145789.11,arterial,13.73,rain,0.37,15.624,10.0,96.0,13.67,0.0,0
8b72b45c-9707-4c54-bd4d-4b74544e2c6b,a29cbc22-39c7-4e70-88f6-661f5f4c8300,Pittsburgh,Denver,1,38.781765,-90.51921,38.991324,-93.614068,268867.89,arterial,11.79,none,0.0,5.544,10.0,94.0,11.48,0.0,0
97552c77-89bd-426f-a1a5-898f0315cc64,a29cbc22-39c7-4e70-88f6-661f5f4c8300,Pittsburgh,Denver,1,38.991324,-93.614068,39.06686,-95.73159,183098.32,arterial,10.44,none,0.0,12.96,10.0,71.0,9.39,0.0,0
3be7ca90-05ae-4ab9-8ef0-3a38388aeeac,a29cbc22-39c7-4e70-88f6-661f5f4c8300,Pittsburgh,Denver,1,39.06686,-95.73159,38.921815,-99.388949,316464.57,residential,6.98,none,0.0,12.708,10.0,85.0,4.55,0.0,0
0f0cd752-be07-4b86-8665-33d9aebded3a,a29cbc22-39c7-4e70-88f6-661f5f4c8300,Pittsburgh,Denver,1,38.921815,-99.388949,39.437157,-103.923458,394986.38,residential,5.19,none,0.0,12.312,10.0,77.0,2.45,0.0,0
0a717701-1efd-4c64-a78b-0522d7c3ebd8,a29cbc22-39c7-4e70-88f6-661f5f4c8300,Pittsburgh,Denver,1,39.437157,-103.923458,39.96237,-105.241624,126996.55,residential,6.86,none,0.0,22.212,10.0,66.0,3.19,0.0,0
22f57767-c292-4492-85d4-98aff376f8d4,a29cbc22-39c7-4e70-88f6-661f5f4c8300,Pittsburgh,Denver,1,39.96237,-105.241624,39.962808,-105.241798,50.91,residential,8.62,none,0.0,18.504,10.0,59.0,5.81,0.0,0
